Product Name,Current Price,Typical Price,Rating,Total Reviews,Delivery Charges,Fabric Type,Care Instructions,Origin,Customer Reviews,Currency,Discount Amount,Discount Percent
MAGCOMSEN Men's Short Sleeve Moisture Wicking Shirts Athletic Running Workout T-Shirts Performance Breathable Tshirt,2782.71,6958.18,4.1,49.0,17796.0,100% Polyester,Imported,Pull On,"{'Hubby loves them!': '5 out of 5 stars', 'Perfect combination of fit, comfort and breathability': '5 out of 5 stars', 'Great lightweight workout shirt - picking up more!': '5 out of 5 stars', 'to thin': '1 out of 5 stars', 'Nice tee shirt': '4 out of 5 stars', ""Men's Moisture Wicking Shirt"": '5 out of 5 stars', 'Comfortable, Durable, and Well-Fitting': '5 out of 5 stars', 'very light and comfortable': '5 out of 5 stars'}",PKR ,4175.47,60.01
Kewlioo Men's Heat Trapping Zipper Sweat Enhancing Vest - Sauna Suit Shirt Compression Vest Shapewear Top for Gym Exercise,6682.41,,4.2,6804.0,17896.0,"Outer: 90% Polyester, 10% Spandex. Inner: 100% Polyurethane",Machine Wash,Imported,"{'Passt die Größe': '3 out of 5 stars', 'Gym': '5 out of 5 stars', 'Buena calidad': '5 out of 5 stars', 'confortable': '5 out of 5 stars', ""Produit négligeable surtout au prix de l'investissement Ah revoir"": '1 out of 5 stars'}",PKR ,,
HOTSUIT Sauna Suit for Men Sweat Sauna Jacket Pant Gym Workout Sweat Suits,11417.76,,4.6,9967.0,21008.0,Polyester,Hand Wash Only,Imported,"{'Super zum Abnehmen': '5 out of 5 stars', 'Bonne qualité': '5 out of 5 stars', 'Sportif XL DOIT UN XXL': '5 out of 5 stars', 'Good Buy': '5 out of 5 stars', 'Super Anzug': '5 out of 5 stars'}",PKR ,,
INTO THE AM Mens T Shirts Soft Cotton Blend Crew Neck Tee S - 4XL Athletic Fit Plain Casual T-Shirt for Men,3328.67,,4.4,31438.0,20387.0,"60% Cotton, 40% Polyester",Machine Wash,Made in the USA or Imported,"{'Good': '5 out of 5 stars', 'Valor Precio': '5 out of 5 stars', 'Great product!': '5 out of 5 stars', 'EXCELENTE PRODUCTO': '5 out of 5 stars', 'Love these shirts': '5 out of 5 stars'}",PKR ,,
Kinglaman 1/5 Pack Mesh Workout Shirts for Men Dry Fit Gym Quick Dry Athletic Short Sleeve Sports T-Shirt Moisture Wicking,6682.41,,4.6,2810.0,24442.0,1OO% Polyester,Machine Wash,Imported,"{'Value for money!': '5 out of 5 stars', 'Well made stylish shirt at a bargain price': '5 out of 5 stars', 'Follow washing Instructions': '5 out of 5 stars', 'Soft and comfy': '5 out of 5 stars', 'Breathable and Light, But Fit Runs a Bit Off': '4 out of 5 stars', 'Good quality, good fit': '5 out of 5 stars', 'Shirts': '5 out of 5 stars', 'Awesome': '5 out of 5 stars'}",PKR ,,
PUMA Men's 5 Pack Performance Boxer Briefs,6334.23,8913.6,4.6,3334.0,22119.0,"90% Polyester, 10% Spandex",Machine Wash,Imported,"{'Gut': '5 out of 5 stars', 'comfy': '5 out of 5 stars', 'Perfect fit and comfortable': '5 out of 5 stars', ""Puma mes's"": '5 out of 5 stars', 'Great product.': '5 out of 5 stars'}",PKR ,2579.37,28.94
KEEPSHOWING Mens Oversized T Shirts Acid Wash Loose Fit Vintage Washed Tee Shirt Short Sleeve Streetwear Casual T-Shirts,9261.79,12810.51,4.6,548.0,25821.0,100% Cotton,Machine Wash,Imported,"{'Very good soft shirts to wear!': '5 out of 5 stars', 'Super comfortable': '5 out of 5 stars', 'Great t shirts': '5 out of 5 stars', 'Fits true to size not oversized': '3 out of 5 stars'}",PKR ,3548.72,27.7
"Reebok Men's Strike Short Sleeve Crewneck T-Shirt, Standard Fit, Lightweight Stretch Poly Jersey Fabric",4033.4,,4.8,81.0,18838.0,"94% Polyester, 6% Spandex",Machine Wash,Imported,{'Buen producto precio y calidad': '5 out of 5 stars'},PKR ,,
5 Pack Men’s Active Quick Dry Crew Neck T Shirts | Athletic Running Gym Workout Short Sleeve Tee Tops Bulk,11128.07,,4.6,55500.0,24807.0,"90% Polyester, 10% Spandex",Machine Wash,"Designed in USA, Imported","{'Excellent quality, good value, true to size': '5 out of 5 stars', 'Bra passform': '5 out of 5 stars', 'Great Quality! Great Price!': '5 out of 5 stars', 'ممتازة': '5 out of 5 stars', 'Quick dry sports shirts are good': '5 out of 5 stars'}",PKR ,,
"Kinglaman 4 Pack Mens 2 in 1 Running Workout Shorts with Liner, Gym Athletic Quick Dry Sport Shorts with Pockets",10025.01,,4.5,1679.0,26309.0,100% Polyester,Machine Wash,Imported,{'شورت': '5 out of 5 stars'},PKR ,,
"Reebok Men's Big Short Sleeve Crewneck T-Shirt, Standard Fit, Lightweight Cotton-Poly Jersey Fabric",4387.16,,5.0,69.0,19896.0,"60% Cotton, 40% Polyester",Machine Wash,Imported,"{'Excelente calidad': '5 out of 5 stars', 'Excelente elección': '5 out of 5 stars', 'Reebok': '5 out of 5 stars', 'Buso': '5 out of 5 stars', 'Recomendada': '5 out of 5 stars', 'Great Looking Reebok T-Shirt!': '5 out of 5 stars', 'Durable Athletic Tee with Consistent Sizing': '5 out of 5 stars', ""A good staple to have in any man's closet!"": '5 out of 5 stars'}",PKR ,,
4 Pack Gym Mens Shorts - Basketball Athletic Shorts with Pockets Fitness Clothing Black Workout Quick Dry Shorts,4172.68,10025.01,4.6,393.0,20849.0,100% Polyester,"Machine Wash, please wash dark and light colors separately.",Imported,"{'Perfect Off-Brand Shorts!': '5 out of 5 stars', 'Great Athletic Shorts for the price': '5 out of 5 stars', 'Nice for the price.': '5 out of 5 stars', 'Affordable and comfortable light shorts': '4 out of 5 stars', 'Good buy': '5 out of 5 stars', 'true to size!': '5 out of 5 stars', 'Go by waist size': '5 out of 5 stars', 'Great shorts. Very comfortable.': '5 out of 5 stars'}",PKR ,5852.33,58.38
adidas Mens Train Essentials Feelready 3-Stripes T-Shirt,3991.62,9749.25,4.5,100.0,22044.0,"70% Recycled Polyester, 30% Cotton",Machine Wash,Imported,"{'Beautiful color': '5 out of 5 stars', 'EXCELENTE PRODUCTO, EXCELENTE COMPRA': '5 out of 5 stars', 'Good': '4 out of 5 stars', '𝑁𝑖𝑐𝑒': '5 out of 5 stars', 'Love the fabric and price': '5 out of 5 stars', 'Good quality': '5 out of 5 stars', 'Runs Small': '3 out of 5 stars', 'Súper bien muy linda para el gym': '5 out of 5 stars'}",PKR ,5757.63,59.06
Trendy Queen 2 Piece Matching Summer Lounge Set Womens Side Ruching Top Wide Leg Pants Sets with Pockets,7518.06,9746.46,4.3,1552.0,29977.0,92%Rayon8%Spandex,Machine Wash,Imported,"{'Best Christmas gift': '5 out of 5 stars', 'Not as described!': '3 out of 5 stars', 'Material gave me the ""ick""': '4 out of 5 stars', 'Buyer beware': '2 out of 5 stars', 'Crap': '1 out of 5 stars'}",PKR ,2228.4,22.86
"SINOPHANT High Waisted Leggings with Pockets Women, Full Length Capri Buttery Soft Stretchy Yoga Pants",1779.93,2782.71,4.4,12093.0,17417.0,"92% Polyester, 8% Spandex",Machine Wash,Imported,"{'Buttery soft, stretchy, and Oh so comfy!': '5 out of 5 stars', 'You get whay you pay for...': '2 out of 5 stars', 'So comfy!': '5 out of 5 stars', 'All great': '5 out of 5 stars', 'Not for me': '2 out of 5 stars'}",PKR ,1002.78,36.04
oshkang Thongs for Womens High Waisted Seamless for Women Underwear Sexy Breathable Panties 6 Pack,3896.91,5963.76,4.2,3939.0,18395.0,85% Polyamide+15% Elastane,Hand Wash Only,Imported,"{'Excelent': '5 out of 5 stars', 'Best of best': '5 out of 5 stars', 'Best underwear': '5 out of 5 stars', 'My New Go To': '4 out of 5 stars', '5 out of 5 ⭐️⭐️⭐️⭐️⭐️': '5 out of 5 stars', 'Comfortable and Invisible Under Clothes': '5 out of 5 stars', 'Great fabric, but they don’t stay high waisted': '3 out of 5 stars', 'Comfortable Seamless Thongs with a Smooth High-Waisted Fit': '4 out of 5 stars'}",PKR ,2066.85,34.66
Under Armour Men's Armour Heatgear Compression Shorts,6960.96,8356.5,4.6,13407.0,20270.0,"84% Polyester, 16% Elastane",Machine Wash,Imported,"{'Perfect': '5 out of 5 stars', 'Perfect Fit and Super Comfortable!': '5 out of 5 stars', 'Comfortable, breathable compression shorts with a phone pocket': '5 out of 5 stars', 'Awesome product 100%recommend': '5 out of 5 stars', 'Rewelacja': '5 out of 5 stars'}",PKR ,1395.54,16.7
BOOJO 5 Pack Workout Shirts for Men-Quick Dry Black Gym Moisture Wicking Short Sleeve T-Shirts for Running Athletic Casual,5289.66,6125.31,4.6,1919.0,24247.0,100% Polyester,Machine Wash,Imported,"{'Excelente relación precio calidad': '5 out of 5 stars', 'Me falta una playera': '3 out of 5 stars'}",PKR ,835.65,13.64
"BAMBOO COOL Men's Ultra ComfortSoft Underwear, Moisture Wicking & Breathable No Ride Up Boxer Briefs with Fly, Multipack",15370.39,16710.21,4.6,6589.0,25350.0,"92% viscose made from bamboo, 8% spandex",Hand Wash Only,Imported,"{'Great underwear and now my go to': '5 out of 5 stars', 'Very comfertable and cool underwear': '5 out of 5 stars', 'Dissapointed Product.': '2 out of 5 stars', 'Very comfy': '5 out of 5 stars', 'These are Great!!!': '5 out of 5 stars'}",PKR ,1339.82,8.02
Under Armour Women's Tech Short Sleeve Crew,3501.37,6963.75,4.6,304.0,19506.0,100% Polyester,Machine Wash,Imported,"{'Cómoda y fresca': '4 out of 5 stars', 'Good quality': '5 out of 5 stars', 'Le produit est bien': '3 out of 5 stars', 'süper': '5 out of 5 stars', 'Uncomfortable': '1 out of 5 stars'}",PKR ,3462.38,49.72
MAGCOMSEN Mens Workout Shirts Short Sleeve Athletic Dry Fit Tshirt Moisture Wicking Gym Running Performance Tee Shirts,4175.46,5286.88,4.8,28.0,18465.0,"92% Polyester, 8% Spandex",Machine Wash,Imported,"{'High-Performance Moisture Wicking with Lightweight Dry-Fit Comfort!': '5 out of 5 stars', 'Very thin and stretchy': '4 out of 5 stars', 'Very soft and the fit is perfect!': '5 out of 5 stars', 'Moisture-Wicking Actually Works in Florida Humidity — Solid Gym Shirt': '5 out of 5 stars', 'Excedllent daily driver, comfortable and great fit': '5 out of 5 stars', 'decent quality t-shirt': '4 out of 5 stars', 'While this is a basic Dry-Fit T-shirt, the MAGCOMSEN brand got it right once again.': '5 out of 5 stars', 'Quality shirt': '5 out of 5 stars'}",PKR ,1111.42,21.02
NORTHYARD Men's Athletic Running T-Shirts Quick Dry Workout Shirts Short-Sleeve Sports Gym Tee Tops Performance Activewear,5568.21,,4.5,892.0,19414.0,"90%Polyester, 10% Elastane",Machine Wash,Imported,"{'Very good for casual wear': '5 out of 5 stars', 'Great quality - runs a little big': '5 out of 5 stars', 'My husband loves these shirts': '5 out of 5 stars', 'Competent athletic shirt (I own 5) - runs large & long - but does what I need': '4 out of 5 stars', 'Looks to be a good one.': '5 out of 5 stars', 'Great quality for the price': '5 out of 5 stars', 'Great shirt but collar is very loose': '3 out of 5 stars', 'Not new but Nice': '5 out of 5 stars'}",PKR ,,
"AARYA Athletic Shirts Women, Summer Long Sleeve Reversible Yoga Top with Drawstring Loose V-Neck Workout Shirt",9189.36,,4.3,27.0,31339.0,"74% Cotton, 26% Polyester",Machine Wash,Imported,"{'Love the shape and color, the fabric is great too.': '5 out of 5 stars', 'SO PRETTY': '5 out of 5 stars', 'Nice lightweight top, runs large': '4 out of 5 stars', 'Breathable, flattering, reversible active top with adjustable fit': '5 out of 5 stars', 'Not for me': '2 out of 5 stars', 'awesome color': '5 out of 5 stars', 'Baggy wide fit': '3 out of 5 stars', 'Nice, high quality top for all ages and design styles.': '5 out of 5 stars'}",PKR ,,
Riskrole 2 Pack Men's Athletic Shorts 7 Inch Inseam Lightweight Quick Dry Running Shorts for Men Gym Workout Shorts,7796.61,8910.81,4.4,177.0,22136.0,"90% Nylon, 10% Spandex",Machine Wash,Imported,"{'Comfortable, lightweight, and great fit': '5 out of 5 stars', 'Great Quality Shorts for Everyday Training': '5 out of 5 stars', 'Comfortable': '4 out of 5 stars', 'Great Value for Comfortable, Versatile causal wear shorts': '5 out of 5 stars', 'Nice athletic material': '5 out of 5 stars', 'Great quality and comfort!!': '5 out of 5 stars', 'So comfortable!': '5 out of 5 stars', 'Lightweight, comfortable, but cheap zippers and poor pocket entrance design.': '3 out of 5 stars'}",PKR ,1114.2,12.5
Under Armour Men's Tech 2.0 Short-Sleeve T-Shirt,5568.21,6963.75,4.6,103661.0,20387.0,100% Polyester,Machine Wash,Imported,"{'Buena calidad': '5 out of 5 stars', 'T-shirt': '5 out of 5 stars', 'Looks great, Is very light and keeps you cool.': '5 out of 5 stars', 'Léger, parfait': '5 out of 5 stars', 'Muy contento.': '5 out of 5 stars'}",PKR ,1395.54,20.04
"Reebok Men’s Finisher Hoodie, Standard Fit, Midweight Cotton-Poly Fleece Fabric",11111.36,13231.12,4.8,424.0,27601.0,"60% Cotton, 40% Polyester",Machine Wash,Imported,"{'Sizing': '1 out of 5 stars', 'Nice hoodie': '5 out of 5 stars', 'Excelente producto': '5 out of 5 stars', 'Calidad y precio excelente 👌': '5 out of 5 stars', 'Para las mañanas y el frio del invierno.': '5 out of 5 stars'}",PKR ,2119.76,16.02
3 Pack Long Sleeve Shirts for Men - Quick Dry Moisture Wicking UV Sun Protection T-Shirts for Fishing Workout Athletic Gym,3590.51,4454.01,4.6,3466.0,20128.0,100% Polyester,Machine Wash,Imported,"{'“Great long sleeve shirt for sun protection and daily work.”': '5 out of 5 stars', 'Almost perfect for my needs': '5 out of 5 stars', 'Game changer': '5 out of 5 stars', 'Decent fit and quality.': '4 out of 5 stars', 'Versatile, comfortable workout shirts': '5 out of 5 stars', 'Great shirts': '5 out of 5 stars', 'True to size and good quality': '5 out of 5 stars', 'Great Quality': '5 out of 5 stars'}",PKR ,863.5,19.39
"YEOREO Ease Workout Leggings Womens No Front Seam Straight Leggings 29""/ 31.5""/ 33""/ 35"" High Waist Buttery Eddiy Yoga Pants",6679.63,10025.01,4.3,2583.0,19871.0,"80% Nylon, 20% Spandex",Hand Wash Only,Imported,"{'So comfortable, perfect length!': '5 out of 5 stars', 'Excelente producto': '5 out of 5 stars', 'Cute and comfy': '5 out of 5 stars', 'القماش ناااعم و يتمطط': '5 out of 5 stars', 'Size down': '5 out of 5 stars'}",PKR ,3345.38,33.37
"YOUNGCHARM 4 Pack Leggings with Pockets for Women,High Waist Tummy Control Workout Yoga Pants",11139.21,14203.26,4.6,26261.0,27423.0,"75% Polyester, 25% Spandex",Machine Wash,Pull On,"{'Best of the best leggings- and I’ve tried them all': '5 out of 5 stars', 'Preis': '4 out of 5 stars', 'Size variation': '1 out of 5 stars', 'Licras': '4 out of 5 stars', 'Fabulous 😍': '5 out of 5 stars'}",PKR ,3064.05,21.57
NORTHYARD Men's Workout Athletic Shirts Gym Running T-Shirts Tennis Quick Dry Short Sleeve Shirt Active Lightweight Sports,5568.21,,4.5,1435.0,21846.0,"88% Polyester, 12% Elastane",Machine Wash,Imported,"{'Great workout shirts': '5 out of 5 stars', 'Good value': '5 out of 5 stars', 'Lite and Airy': '5 out of 5 stars', 'Great buy': '4 out of 5 stars', 'Perfect fit and very comfortable!': '5 out of 5 stars', 'Quality Athletic shirty': '5 out of 5 stars', ""Very Nice Casual Dress Shirts. You'll Like 'em!"": '5 out of 5 stars', 'Nice cool shirts': '5 out of 5 stars'}",PKR ,,
"Pudolla Men’s 2 in 1 Running Shorts 5"" Quick Dry Gym Athletic Workout Shorts for Men with Phone Pockets",6153.17,7239.51,4.4,5622.0,20584.0,"Shell: 90% Nylon, 10% Elastane; Liner: 87% Polyester, 13% Elastane",Hand Wash Only,Imported,"{'VERY loud': '3 out of 5 stars', 'Great running shorts': '5 out of 5 stars', 'DO NOT BUY THESE SHORTS': '1 out of 5 stars', 'Very Cheap Material.': '1 out of 5 stars'}",PKR ,1086.34,15.01
CANGHPGIN 2 Pack Mens Workout Athletic Shorts 7 inch Inseam Quick Dry Hiking Shorts Men Lightweight Sports Gym Shorts Running,9746.46,,4.5,3248.0,24548.0,"90% Nylon, 10% Spandex",Machine Wash,Imported,"{'Sincera': '3 out of 5 stars', 'George pantalones cortos': '5 out of 5 stars', 'Me decepcionei com esse produto.': '1 out of 5 stars'}",PKR ,,
"CHRLEISURE Workout Shorts Sets for Women, High Waisted Gym Butt Lifting Scrunch Butt Seamless Shorts",5428.94,8353.71,4.4,4314.0,21462.0,"64%Nylon, 28%Polyester, 8%Spandex",Hand Wash Only,Imported,"{'Super cute & great gut compression': '5 out of 5 stars', 'Solid and cute': '5 out of 5 stars', 'My favorite shorts for the gym!!': '5 out of 5 stars', 'Decent shorts, but they do roll up.': '4 out of 5 stars', 'Great quality, Great fit, super comfortable!': '5 out of 5 stars', 'They roll up like crazy!!!': '3 out of 5 stars', 'Highly recommend!!!': '5 out of 5 stars', 'Theee fitttttt!!!!!': '5 out of 5 stars'}",PKR ,2924.77,35.01
TELALEO 5 Pack Men's Athletic Compression Shirts Sleeveless Workout Tank Top Sports Base Layer Running Basketball,8075.16,,4.5,3756.0,22924.0,"[Easy Care] Machine Wash Cold! Don't Bleach! Hung Dry!85% Polyester,15% Elastane.",Machine Wash,Imported,"{'“Perfect for Workouts – Highly Recommend!”': '5 out of 5 stars', 'Size down.': '5 out of 5 stars', 'Highly Recommend': '5 out of 5 stars', 'Good quality': '4 out of 5 stars', 'Excellent fit and comfort.': '5 out of 5 stars', 'Fantastic fit': '5 out of 5 stars', 'Good but runs small': '3 out of 5 stars', 'Makes you look good': '5 out of 5 stars'}",PKR ,,
"FULLSOFT High Waisted Biker Shorts for Women-5"" Tummy Control Fitness Athletic Workout Running Yoga Gym Shorts",1807.79,2225.61,4.4,8286.0,17710.0,"92% Polyester, 8% Spandex",Hand Wash Only,Imported,"{'False Advertising!!!': '1 out of 5 stars', 'False advertising': '1 out of 5 stars', 'Muy mala compra': '2 out of 5 stars', 'Misleading headline': '1 out of 5 stars'}",PKR ,417.82,18.77
"Reebok Men's Reflective Small Logo Crewneck T-Shirt, Standard Fit, Lightweight Cool Touch Jersey Fabric",4629.5,,4.8,142.0,20111.0,"90% Polyester, 10% Spandex",Machine Wash,Imported,"{'Accurate sizing chart': '5 out of 5 stars', 'Awesome T-shirt': '5 out of 5 stars', 'Llegó según lo acordado': '4 out of 5 stars', 'Soft and lightweight': '5 out of 5 stars', 'Great Shirt!': '5 out of 5 stars', 'COMFORTABLE!!': '5 out of 5 stars', 'Excelente': '5 out of 5 stars', 'Cómoda': '5 out of 5 stars'}",PKR ,,
TELALEO 5 Pack Men's Workout Tank Tops Sleeveless Mesh Muscle Gym Shirt Quick Dry Black/Gray/Charcoal/Navy/Blue,4729.78,5289.66,4.4,1706.0,23498.0,1OO%Polyester,Machine Wash,Imported,"{'Great for Intense Workouts and Everyday Comfort': '5 out of 5 stars', 'Amazing Quality & Price': '5 out of 5 stars', '5 Tanks For Basically the Price of One': '5 out of 5 stars', 'Nice summer shirts at a great price!': '4 out of 5 stars', 'Good shirts': '5 out of 5 stars', 'cool and comfortable fabric': '3 out of 5 stars', 'True to size.': '5 out of 5 stars', 'For the money solid purchase': '5 out of 5 stars'}",PKR ,559.88,10.58
SAMPEEL Womens Two Piece Lounge Sets Casual Summer Outfits 2 Piece Short Matching Clothing Set,2782.71,,4.5,2596.0,19186.0,"88% Polyester, 12% Spandex","PLEASE NOTE: Vacuum packaging may cause wrinkles on the tops, but washing or ironing will refresh them up",Imported,"{'Effortlessly cute and so comfortable': '5 out of 5 stars', 'Runs small! Good quality, very comfortable and versatile.': '5 out of 5 stars', 'Must have': '5 out of 5 stars', 'Stylish': '4 out of 5 stars', 'Must try set!': '5 out of 5 stars', 'Useful closet addition, size up for more modest coverage': '5 out of 5 stars', 'Love this new outfit!': '5 out of 5 stars', 'I should have sized up 1 size.': '4 out of 5 stars'}",PKR ,,
5-Pack Women's Compression Shirts Short Sleeve Workout Tops Athletic Baselayer Quick Dry Gym Yoga Running T-Shirt,6682.41,8353.71,4.5,721.0,22593.0,"85% Polyester,15%Spandex",Machine Wash,Imported,{'Buena calidad': '5 out of 5 stars'},PKR ,1671.3,20.01
2 Pack Mens Athletic Shorts 5 Inch Quick Dry Gym Workout Shorts Men Lightweight Sports Running Shorts with Pockets,9467.91,10025.01,4.5,2297.0,21384.0,"90% Nylon, 10% Spandex","Machine Wash, Hand Wash Only",Imported,"{'Un timo y por eses precio aún más timo': '1 out of 5 stars', 'Not quite as advertised, these have liners..': '3 out of 5 stars', 'Taille et retour inadéquates': '1 out of 5 stars', 'Good shorts that I would buy again.': '4 out of 5 stars', 'Dont get it': '1 out of 5 stars'}",PKR ,557.1,5.56
TELALEO 4 Pack Women's Compression Shirt Running Athletic T-Shirts Workout Tops Baselayer Short Sleeve Yoga Gym Sports Gear,5562.64,6676.84,4.5,1220.0,21437.0,"85% Polyester,15% Polyurethane(Spandex)",Machine Wash,Imported,"{'Exactly What I Needed!': '5 out of 5 stars', 'Definitely worth the buy!': '5 out of 5 stars', 'I love it': '5 out of 5 stars', 'Good fitting': '4 out of 5 stars', 'Great shirts!': '5 out of 5 stars', 'Fit/quality of the material': '5 out of 5 stars', ""Great quality for a budget price and one of the best things I've ever purchased!"": '5 out of 5 stars', 'Good shirts but not compression': '3 out of 5 stars'}",PKR ,1114.2,16.69
"Reebok Men's Phasic Graphic Crewneck T-Shirt, Standard Fit, Lightweight Cotton-Poly Fabric",2785.5,,4.4,39.0,20696.0,"60% Cotton, 40% Polyester",Machine Wash,Imported,"{'Good': '5 out of 5 stars', 'Excelente material para entrenar': '5 out of 5 stars', 'Basic in the front, bold back graphics': '5 out of 5 stars', 'Super comfortable, fits true to size': '5 out of 5 stars', 'Mañana calidad ya viene con pepas': '1 out of 5 stars', 'Clean Graphics - Comfortable Everyday Wear': '5 out of 5 stars', 'Comfortable Casual Tee': '5 out of 5 stars', 'No issues. Good quality Reebok shirt.': '5 out of 5 stars'}",PKR ,,
"Reebok Men's Quantum Set, Standard Fit, Heavyweight Stretch Cotton-poly Fabric",14913.57,,4.6,98.0,31431.0,"60% Cotton, 40% Polyester",Machine Wash,Imported,"{'المقاس مظبوط': '5 out of 5 stars', 'La tela es muy comoda!': '5 out of 5 stars', 'Me encanto': '5 out of 5 stars', 'Buena compra': '5 out of 5 stars'}",PKR ,,
Nike Club Men's Training Joggers,12593.25,13646.16,4.7,9048.0,15102.0,"80% Cotton, 20% Polyester",Machine Wash,Imported,"{'きちんと生地を使ってある': '5 out of 5 stars', 'Buena calidad': '5 out of 5 stars', '5 Stars – Comfortable & Stylish Everyday Joggers!': '5 out of 5 stars', 'Ajustement Parfait': '5 out of 5 stars', 'Calidad excelente': '5 out of 5 stars'}",PKR ,1052.91,7.72
Reebok Women's Classic Athletic Graphic Crewneck Cropped T-Shirt,2509.74,,4.8,56.0,18442.0,"62% Polyester, 33% Rayon, 5% Spandex",Machine Wash,Imported,"{'Great tee!': '5 out of 5 stars', 'Cómoda y fresca': '5 out of 5 stars', 'Loved it': '5 out of 5 stars', 'No hay engaño en la compra': '4 out of 5 stars', 'Muy bonita': '5 out of 5 stars', 'Buen elemento': '5 out of 5 stars', 'Me gusto': '5 out of 5 stars', 'Soft and airy cropped tee': '5 out of 5 stars'}",PKR ,,
Women's Seamless Racerback Sports Bra High Impact Support Yoga Gym Workout Fitness,10025.01,,4.4,9581.0,24476.0,"90% Nylon, 10% Spandex",Machine Wash,Imported,"{'Very good quality': '5 out of 5 stars', 'perfect': '5 out of 5 stars', 'Not supportive': '1 out of 5 stars', 'Wow': '4 out of 5 stars', 'It’s okay.': '3 out of 5 stars'}",PKR ,,
Under Armour Men's Velocity 2.0 Short Sleeve T-Shirt,5284.09,6963.75,4.7,1682.0,19367.0,100% Polyester,Machine Wash,Imported,"{'Parfait': '5 out of 5 stars', 'Awesome shirt.': '5 out of 5 stars', 'La qualité et la resistance au rendez vous': '5 out of 5 stars', 'Very good brand': '5 out of 5 stars', 'Confortable': '5 out of 5 stars'}",PKR ,1679.66,24.12
Real Essentials 5 Pack: Women's Dry-Fit Short Sleeve V Neck T Shirt Workout Fitness Yoga Top Tee (Available in Plus Size),9746.46,,4.4,33469.0,24381.0,"90% Polyester, 10% Spandex",Machine Wash,"Designed in USA, Imported","{'Fantastiche': '5 out of 5 stars', 'J’adoreeeee…': '5 out of 5 stars', 'replaces an earlier similar purchase - ideal for hot humid weather': '5 out of 5 stars', 'Yes, will recommend': '5 out of 5 stars', 'Very satisfied': '5 out of 5 stars'}",PKR ,,
BOOMCOOL Gym Clothes workout shorts and long sleeve shirts for men running dry fit athletic outfits sets 6 pack,10303.56,,4.4,1334.0,26777.0,Knit,Machine Wash,Imported,"{'COME DA FOTO': '5 out of 5 stars', 'Comfortable': '5 out of 5 stars', 'ممتازة': '4 out of 5 stars', 'Gym outfit': '5 out of 5 stars', 'Not good stuff': '1 out of 5 stars'}",PKR ,,
adidas Mens Aeroready Designed 2 Move Feelready Sport Tee,5278.52,6963.75,4.6,3390.0,20038.0,"65% Polyester, 35% Cotton",Machine Wash,Imported,"{'Viel zu Groß': '1 out of 5 stars', 'calidad precio': '5 out of 5 stars', 'As expected': '5 out of 5 stars', 'Qualidade': '5 out of 5 stars', 'Adidas': '5 out of 5 stars'}",PKR ,1685.23,24.2
"CHRLEISURE Workout Shorts Sets for Women, High Waisted Butt Lifting Scrunch Butt Sports Seamless Gym Shorts",8353.71,,4.5,946.0,22178.0,"64%Nylon, 28%Polyester, 8%Spandex",Imported,High Rise,"{'I got a size small': '5 out of 5 stars', 'Buena calidad, buen ajuste.': '5 out of 5 stars', 'Short': '5 out of 5 stars', 'Excelente': '5 out of 5 stars', '😀': '4 out of 5 stars'}",PKR ,,
Trendy Queen Womens Spring Tops Oversized Long Sleeve T Shirts 2026 Basic Tee Fall Casual Workout Y2K Clothes,4175.46,,4.3,5173.0,18933.0,"60% Polyester, 35% Rayon, 5% Spandex",Machine Wash,Imported,"{'Tamaño': '4 out of 5 stars', 'I would size up': '3 out of 5 stars', 'Unimpressed': '2 out of 5 stars', 'Poor quality': '1 out of 5 stars', 'Thin! Poor quality': '1 out of 5 stars'}",PKR ,,
Reebok Energy Men's Long Sleeve Performance 1/4 Zip Top,6181.02,9052.88,4.0,34.0,20024.0,100% Polyester,Machine Wash,Imported,"{'Great!!': '5 out of 5 stars', 'Valoración': '4 out of 5 stars', 'Odd sizing': '1 out of 5 stars', 'Great light weight 1/4 zip': '5 out of 5 stars', 'Flattering': '5 out of 5 stars', 'Great for Workouts and Casual Wear': '4 out of 5 stars', 'Love the quarter zip top!': '5 out of 5 stars', 'Good for layering': '4 out of 5 stars'}",PKR ,2871.86,31.72
Under Armour Freedom Flag Short Sleeve T-Shirt,4726.99,6963.75,4.7,693.0,19699.0,"60% Cotton, 40% Polyester",Machine Wash,Imported,"{'Un marchio una garanzia': '5 out of 5 stars', 'As should be': '5 out of 5 stars', 'Great quality': '5 out of 5 stars', 'Great T shirt': '4 out of 5 stars'}",PKR ,2236.76,32.12
4 Pack Womens Workout Tops Short Sleeve Shirts Sun Protection UPF 50+ Quick Dry Running Outfits for Gym Hiking Loose Fit,5565.43,8353.71,4.4,57.0,22303.0,"95% Polyester, 5% Spandex",Machine Wash,Imported,"{'Soft and a great fit': '5 out of 5 stars', 'Fit': '5 out of 5 stars', 'Great value': '4 out of 5 stars', 'Nice': '5 out of 5 stars', 'Recommended 100#': '5 out of 5 stars', 'Light weight, comfortable workout top': '5 out of 5 stars', 'Roomy': '5 out of 5 stars', 'Long tops': '4 out of 5 stars'}",PKR ,2788.28,33.38
Runhit Men’s Compression Pants Running Tights Workout Leggings Athletic Base Layer Pants for Sports Yoga Basketball,2225.61,2782.71,4.6,2050.0,17467.0,"88% Polyester, 12% Spandex",Machine Wash,Imported,"{'Past delivery': '5 out of 5 stars', 'Comfy and warm': '5 out of 5 stars', 'Breathable and discrete': '5 out of 5 stars', 'Decent compression pants': '4 out of 5 stars', 'Compression pant leggings': '5 out of 5 stars'}",PKR ,557.1,20.02
"Reebok Men's Triathlon Scoop Neck Tank Top, Standard Fit, Lightweight Cotton-Poly Jersey Fabric",4933.12,6615.56,4.9,43.0,18339.0,"60% Cotton, 40% Polyester",Machine Wash,Imported,"{'Je recommande': '5 out of 5 stars', 'Calidad': '5 out of 5 stars'}",PKR ,1682.44,25.43
NIASHOT Womens Workout Tops Short Sleeve Yoga Pilates Outfits Athletic Gym Running UV Protection Shirts with Mesh,2225.61,5568.21,4.4,92.0,22738.0,100% Polyester,Machine Wash,Imported,"{'Just try it': '5 out of 5 stars', 'Nice fit!': '5 out of 5 stars', 'Work out shirt': '3 out of 5 stars', 'Great fit!': '5 out of 5 stars', 'Almost Perfect': '4 out of 5 stars', 'True to size and light weight for summer': '5 out of 5 stars', 'Cute shirt': '5 out of 5 stars', ""The white isn't white at all"": '2 out of 5 stars'}",PKR ,3342.6,60.03
RPOVIG Men's 5 Pack Workout Gym T-Shirts Running Athletic T Shirts Hipster Short Shirt Men Clothes Wicking Shirts,9189.36,10860.66,4.3,38.0,26208.0,"90% Polyester, 10% Spandex","Machine Wash, Tumble Dry",Imported,"{'Great set': '5 out of 5 stars', 'Great shirts': '5 out of 5 stars', 'Good quality and comfort but need to check the sizes. The recommendations are usually too small.': '4 out of 5 stars', 'Mixed feelings': '3 out of 5 stars', 'Surprisingly nice lightweight shirts': '5 out of 5 stars', 'Really nice shirts': '5 out of 5 stars', 'Great Value Performance Shirts That Dry Fast and Fit Well': '5 out of 5 stars', 'Great shirts.': '5 out of 5 stars'}",PKR ,1671.3,15.39
adidas Men's Essentials 3-Stripes Tee,6590.49,8356.5,4.6,2091.0,21428.0,100% Cotton,Machine Wash,Imported,"{'Buen precio': '4 out of 5 stars', 'Perfect': '5 out of 5 stars', 'Excelente producto': '5 out of 5 stars', 'Ok': '5 out of 5 stars', 'Ótimo produto.': '5 out of 5 stars'}",PKR ,1766.01,21.13
COCOMARTS Jelly Bras for Women No Underwire Scalloped Push Up Wireless Bralettes Seamless Soft Comfort Everyday Tshirt Bra,4376.02,5565.43,4.4,2328.0,18771.0,"55%Nylon,45%Spandex",Machine Wash,Imported,"{""Greatest bra of this type that I've purchased!"": '5 out of 5 stars', 'Great fit for DDD cup - super comfy': '5 out of 5 stars', 'Will buy more of these, so comfortable!': '5 out of 5 stars', 'Decent comfort': '4 out of 5 stars', 'Extremely good quality.': '5 out of 5 stars', 'Every woman needs this bra': '5 out of 5 stars', 'Must be jelly because jam don’t support like this!': '5 out of 5 stars', 'Comfortable, but not enough support': '4 out of 5 stars'}",PKR ,1189.41,21.37
BAMBOO COOL Breathable Men's Underwear Modern Multipack Comfortsoft Moisture-Wicking Boxer Briefs 6 Pack,14760.36,,4.7,2836.0,26579.0,"47% Viscose Derived from bamboo,47% Polyester,and 6% Spandex",Machine Wash,Imported,"{'Buena calidad precio': '5 out of 5 stars', 'Buen compra': '5 out of 5 stars'}",PKR ,,
BAMBOO COOL Men's Long Boxer Briefs Performance Long Leg Sports Boxer Brief Underwear MultiPack,15590.44,16426.09,4.6,1440.0,25189.0,"92% Viscose Made From Bamboo, 8% Spandex",Machine Wash,Imported,"{'Amazing': '5 out of 5 stars', 'Very Nice and Very Reasonably Priced!': '5 out of 5 stars', 'Try them.': '5 out of 5 stars', 'Just buy and thank your self later.': '5 out of 5 stars', 'Comfortable, but ride up a bit': '4 out of 5 stars', 'Maybe best underwear for my needs ... yours too': '5 out of 5 stars', 'Will ONLY be buying these from now on': '5 out of 5 stars', 'Great quality': '5 out of 5 stars'}",PKR ,835.65,5.09
"LZYVOO Leggings with Pockets for Women, 6 Packs Soft High Waisted Tummy Control Workout Yoga Pants",9467.91,11139.21,4.4,5743.0,24841.0,"78% Polyester, 22% Spandex",Machine Wash,Imported,"{'Very soft & comfortable. Almost velvet like fabric.': '5 out of 5 stars', 'Good buy': '5 out of 5 stars', 'Calidad de primera': '5 out of 5 stars', 'Excelente calidad': '5 out of 5 stars', 'Super comfy.': '5 out of 5 stars'}",PKR ,1671.3,15.0
XPONNI Women's Baggy Y2K Parachute Pants,5259.02,,4.2,1995.0,14114.0,100% Polyester,Hand Wash Only,Imported,"{'Summer trackies': '5 out of 5 stars', 'Pants': '5 out of 5 stars', 'IMPRESSIVE!': '5 out of 5 stars', 'Son my cómodos': '5 out of 5 stars', 'more a costume than a sweatpant': '1 out of 5 stars'}",PKR ,,
NELEUS Men's 3 Pack Dry Fit Y-Back Muscle Tank Workout Gym Shirt,7089.1,,4.6,33835.0,21295.0,100% Polyester,Machine Wash,Imported,"{'Shirt hält was es verspricht': '4 out of 5 stars', 'Fit perfectly': '5 out of 5 stars', 'Beyond expectations': '5 out of 5 stars', 'Muy buenas playeras para el gym': '5 out of 5 stars', 'Bonita pero nada más': '3 out of 5 stars'}",PKR ,,
ZITY Mens Polo Shirt Short Sleeve Sports Tactical T-Shirt Athletic Golf Polos Daily Casual Stylish Collared Shirts for Men,4175.46,7239.51,4.4,15100.0,20367.0,"95% Polyester, 5% Spandex",Machine Wash,Imported,"{'bueno': '4 out of 5 stars', 'Pésimo producto, mala calidad': '1 out of 5 stars'}",PKR ,3064.05,42.32
ZITY 5 Pack Mens Polo Shirt Short Sleeve Sports Golf Tennis T-Shirt Moisture-Wicking Summer Shirts,17991.54,29523.51,4.5,4017.0,32888.0,"95% Polyester, 5% Spandex",Machine Wash,Imported,"{'Calidad que se nota y se siente...': '5 out of 5 stars', 'LAS TALLAS SON MAS PEQUEÑAS DE LO ANUNCIADO': '3 out of 5 stars', 'La tela es pésima Nada que ver con la idea de tela gruesa que uno ve en la foto': '1 out of 5 stars'}",PKR ,11531.97,39.06
"Reebok Men's Sonic Bolt Short Sleeve Crewneck T-Shirt, Standard Fit, Lightweight Cool Touch Jersey Fabric",3994.41,,4.7,35.0,20281.0,"90% Polyester, 10% Spandex",Machine Wash,Imported,"{'good': '5 out of 5 stars', 'Excelente': '5 out of 5 stars', 'Cool and comfortable shirt': '5 out of 5 stars', 'Love the material and color, would like a more tapered fit': '4 out of 5 stars', 'Reebok Shirt': '5 out of 5 stars', 'Fits tight': '3 out of 5 stars', 'nice shirt': '5 out of 5 stars', 'Quality Shirt': '5 out of 5 stars'}",PKR ,,
NORTHYARD Men's Quarter Zip Pullover Athletic Running 1/4 Zip Long Sleeve Pullovers Quick Dry Lightweight Tennis Gym Shirts,6403.86,,4.5,2533.0,20267.0,100% Polyester,Machine Wash,Imported,"{'Lightweight, High-Quality Quarter Zip': '5 out of 5 stars', 'Nice 1/4 zip': '5 out of 5 stars', 'Nice Quarter Zip For Running': '4 out of 5 stars', 'Good fit good look': '5 out of 5 stars', 'Very nice lightweight pullover': '5 out of 5 stars', 'Solid quality, nice fit.': '5 out of 5 stars', 'Nice Design, Nice Price': '5 out of 5 stars', 'Tight fit in the forearms.': '3 out of 5 stars'}",PKR ,,
"Reebok Men's Small Logo Crewneck T-Shirt, Standard Fit, Lightweight Cotton-Poly Jersey Fabric",3885.77,,4.6,274.0,19871.0,"60% Cotton, 40% Polyester",Machine Wash,Imported,{'قطن': '5 out of 5 stars'},PKR ,,
MAGCOMSEN Men's UPF 50+ Tank Top Gym Workout Sleeveless Muscle Shirts Sun Protection Cut Off Shirts Summer Sleeveless T Shirt,2782.71,5008.33,4.3,294.0,17662.0,Cotton blend fabric,Machine Wash,Pull On,"{'MAGCOMEN TANK TOPS , SLEEVELESS !! U. S.  A R M Y  STYLE !!!! GREAT !!!!': '5 out of 5 stars', 'Tank tops.': '5 out of 5 stars', 'Great quality for the price. Fits well.': '5 out of 5 stars', 'Thicker fabric, nice tank tops': '4 out of 5 stars', 'Good quality': '3 out of 5 stars', 'Great buy': '5 out of 5 stars', 'Great fit': '5 out of 5 stars', 'Arm holes too small': '1 out of 5 stars'}",PKR ,2225.62,44.44
Reebok Men's Warm Up Training 7” Short,5428.94,,4.4,40.0,20261.0,"90% Polyester, 10% Spandex",Machine Wash,Imported,"{'Reebok has upped their game': '5 out of 5 stars', 'Excelente': '5 out of 5 stars', 'Recomendada': '4 out of 5 stars', 'Rebook': '5 out of 5 stars', 'La calidad': '5 out of 5 stars', ""Reebok Men's Warm Up Training 7” Short, Black/Ebony, X-Large"": '5 out of 5 stars', 'Comfortable but runs way too big.': '3 out of 5 stars', 'Comfortable, Sporty Shorts That Hold Up to Training': '5 out of 5 stars'}",PKR ,,
HLTPRO 3 Pack Plus Size Leggings with Pockets for Women - Black High Waisted Tummy Control Soft Yoga Pants for Gym Workout,5233.95,6960.96,4.4,3548.0,21256.0,"92% Polyester, 8% Spandex, Soft, Like Your Second Skin",【EASY CARE】Hand / machine washing allow; Save your time. Wash with like color.,Imported,"{'Muy grandes!': '1 out of 5 stars', 'Top Passform': '5 out of 5 stars', 'So Soft and exactly what i was looking for.': '5 out of 5 stars', 'Chemical smell': '3 out of 5 stars'}",PKR ,1727.01,24.81
"Reebok Men's Small Logo Short Sleeve Crewneck T-Shirt, Standard Fit, Breathable Lightweight Stretch Knit Fabric",4206.1,,4.7,258.0,19793.0,100% Polyester,Machine Wash,Imported,"{'Great product': '5 out of 5 stars', 'Great t-shirt': '5 out of 5 stars', 'Excelente producto': '5 out of 5 stars', 'Nice t-shirt': '5 out of 5 stars', 'Buena': '5 out of 5 stars', 'Buen producto y rápida entrega': '4 out of 5 stars', 'Bueno bonito y barato': '5 out of 5 stars', 'Comodidad': '5 out of 5 stars'}",PKR ,,
Flare Leggings for Women Yoga Pants with Pockets High Waisted Crossover Flare Leggings Bootcut Casual Yoga Pants,2782.71,5568.21,4.5,2437.0,18189.0,"80% Polyester, 20% Spandex",Machine Wash,Imported,"{'Great': '5 out of 5 stars', 'Amazing pants!': '5 out of 5 stars', 'Great leggings': '5 out of 5 stars', 'Fit, comfortable, style.': '4 out of 5 stars', 'Comfortable and feminine.': '5 out of 5 stars', 'Cute, well made comfortable': '5 out of 5 stars', 'Runs small': '3 out of 5 stars', 'Nice with great price!': '5 out of 5 stars'}",PKR ,2785.5,50.03
JMIERR Mens Muscle Slim T Shirts Texture V Neck Longline Henley Gym Workout Athletic Tee Shirt,3618.36,5568.21,4.5,2335.0,18543.0,"65%Polyester, 30%Viscose, 5%Elastane",Machine Wash,"We Use American Standard Size: XS=(US 36), S=(US 38), M=(US 40), L=(US 43), XL=(US 46), 2XL=(US 50), 3XL=(US 52), 4XL=(US 56), 5XL=(US 60).","{'Excellent !!!': '5 out of 5 stars', 'Excellent': '5 out of 5 stars', '6\'2½"" 220lb (extra large in photo)': '5 out of 5 stars', 'Good product.': '4 out of 5 stars', 'Super comfortable great fit': '5 out of 5 stars', 'GREAT VALUE. GREAT SHIRT': '5 out of 5 stars', 'Best fitting Tshirt I’ve ever bought!': '5 out of 5 stars', 'Read before you buy': '3 out of 5 stars'}",PKR ,1949.85,35.02
NELEUS Dry Fit Workout Athletic Muscle Tank Top Running Shirts with Hoods,9189.36,,4.5,10558.0,23395.0,100% Polyester,Machine Wash,Imported,"{'Feels good': '5 out of 5 stars', 'It is great رائع': '5 out of 5 stars', 'Perfecto': '5 out of 5 stars', 'Poor quality': '3 out of 5 stars', 'Me encantaron, bastante cómodas': '5 out of 5 stars'}",PKR ,,
Under Armour Freedom Flag Short Sleeve T-Shirt,6963.75,,4.7,693.0,20311.0,"60% Cotton, 40% Polyester",Machine Wash,Imported,"{'Un marchio una garanzia': '5 out of 5 stars', 'As should be': '5 out of 5 stars', 'Great quality': '5 out of 5 stars', 'Great T shirt': '4 out of 5 stars'}",PKR ,,
"Kamo Fitness Cozy 3-Pair Pack - Scrunch Long Crew Socks for Women, Soft & Breathable Boot and Slouch Socks, Size 5-9",4451.23,6679.63,4.6,1340.0,18994.0,"76% Viscose, 20% Polyamide, 4% Spandex",Machine Wash,Imported,"{'Cozy, scrunchy, and great for gym sessions': '5 out of 5 stars', 'Soft and comfy. Not too thick': '5 out of 5 stars', 'Good socks!': '5 out of 5 stars', 'Very comfy & cute for adults and my cheerleader': '5 out of 5 stars', 'Good slouch sock': '4 out of 5 stars', 'Amazing!': '5 out of 5 stars', 'Buy them!!! So soft and comfy. Big girl friendly.': '5 out of 5 stars', 'Cutie socks': '5 out of 5 stars'}",PKR ,2228.4,33.36
Men's Fashion Button Down Tshirt Dressy Short Sleeve Shirts Lapel Collar Tops Comfort Colors Shirt Mens Outfits,3618.36,,5.0,1.0,,100% Polyester,Machine Wash Or Hand Wash,Made in USA and Imported,{'Comfortable all day': '5 out of 5 stars'},PKR ,,
adidas Women's 3 Stripes Active Essentials Cotton Scoop Bralette with Removable Cookies,8467.92,10584.9,4.0,8.0,20192.0,"95% Cotton, 5% Spandex",Machine Wash,Imported,"{'Size is accurate': '5 out of 5 stars', 'I loved it': '5 out of 5 stars', 'Strap Issue': '1 out of 5 stars', 'Fashion bra': '3 out of 5 stars'}",PKR ,2116.98,20.0
NORTHYARD Men's Athletic Running T-Shirts Quick Dry Workout Shirts Short-Sleeve Sports Gym Tee Tops Performance Activewear,5568.21,,4.5,892.0,19314.0,"90%Polyester, 10% Elastane",Machine Wash,Imported,"{'Very good for casual wear': '5 out of 5 stars', 'Great quality - runs a little big': '5 out of 5 stars', 'My husband loves these shirts': '5 out of 5 stars', 'Competent athletic shirt (I own 5) - runs large & long - but does what I need': '4 out of 5 stars', 'Looks to be a good one.': '5 out of 5 stars', 'Great quality for the price': '5 out of 5 stars', 'Great shirt but collar is very loose': '3 out of 5 stars', 'Not new but Nice': '5 out of 5 stars'}",PKR ,,
COOFANDY Men's Muscle T-Shirt Pleated Raglan Sleeve Bodybuilding Gym Tee Short Sleeve Fashion Workout Shirts Hipster Shirt,4175.46,5011.11,4.3,10758.0,18905.0,"95% Polyester, 5% Spandex",Machine Wash,Imported,"{'me queda perfecto': '5 out of 5 stars', 'Cumple lo que promete': '5 out of 5 stars', 'Good material and right size': '5 out of 5 stars', 'Different Color = Different Quality': '5 out of 5 stars', 'القماش جداً خفيف إضافة إلى وجود خلل بالخياطه من جهه الرقبه غير متناسقه نهائياً وغير صالح للأرتداء': '1 out of 5 stars'}",PKR ,835.65,16.68
"Reebok Men's Short Sleeve Crewneck Embroidered T-Shirt, Standard Fit, Lightweight Stretch Cotton Fabric",4919.19,6963.75,4.8,160.0,19983.0,"95% Cotton, 5% Spandex",Machine Wash,Imported,"{'Es cómoda para días calurosos': '5 out of 5 stars', 'Recomendado': '5 out of 5 stars'}",PKR ,2044.56,29.36
"Amazon Essentials Men's Gym Tank Tops, Moisture-Wicking Dry Fit Breathable Muscle Shirts, Pack of 2",3041.77,4011.12,4.5,6271.0,,100% Polyester,Machine Wash,Imported,"{'Quality and Perfect fit !': '5 out of 5 stars', 'Super leicht': '5 out of 5 stars', 'Come da descrizione': '5 out of 5 stars', 'Buena calidad, muy frescas y la talla perfecta': '5 out of 5 stars', 'Buena opción': '5 out of 5 stars'}",PKR ,969.35,24.17
NebuKinex 5 Pack Women's Compression Shirt Long Sleeve Workout Tops Athletic Baselayer Quick Dry Gym Yoga Running T-Shirt,8910.81,,4.6,1791.0,23554.0,"85% Polyester,15%Spandex",Machine Wash,Imported,"{'Buen producto por un buen precio': '5 out of 5 stars', 'Me gustó mucho': '5 out of 5 stars', 'Ejercicio y comodidad': '5 out of 5 stars', 'Tal como se describen': '5 out of 5 stars', 'Talla un poco amplia': '5 out of 5 stars'}",PKR ,,
"Nike Men's Team Legend Short Sleeve Tee Shirt, Dri-Fit",7843.97,,4.6,445.0,21593.0,100% Polyester,Machine Wash,Imported,{'Playera dry Nike': '5 out of 5 stars'},PKR ,,
HOTSUIT Sauna Suit for Men Sweat Sauna Jacket Pant Gym Workout Sweat Suits,11417.76,,4.6,9967.0,19657.0,Polyester,Hand Wash Only,Imported,"{'Super zum Abnehmen': '5 out of 5 stars', 'Bonne qualité': '5 out of 5 stars', 'Sportif XL DOIT UN XXL': '5 out of 5 stars', 'Good Buy': '5 out of 5 stars', 'Super Anzug': '5 out of 5 stars'}",PKR ,,
"Kewlioo Sauna Shirt for Men - Heat Trapping Sweat Vest, Sauna Suit For Men, Compression Workout Sweat Suit for Gym, Workouts",17545.86,,4.3,12381.0,29247.0,"Outer: 90% polyester , 10% spandex inner: 100% polyurethane",Machine Wash,Imported,"{'Damn. Nice. But bad.': '1 out of 5 stars', 'جيد وفعال': '5 out of 5 stars', 'Too small': '5 out of 5 stars', 'جيد جدا': '5 out of 5 stars', 'Worked well, sweated buckets': '4 out of 5 stars'}",PKR ,,
HOTSUIT Men Sauna Suit Sweat Suits Durable Gym Exercise Workout Jacket,8353.71,9467.91,4.5,4790.0,18807.0,Polyester,Hand Wash Only,Imported,"{'Excellent!': '5 out of 5 stars', 'Chandal sauna ideal para perdida de peso.': '5 out of 5 stars', 'Top': '5 out of 5 stars', 'Sitzt perfekt und tut sein Werk': '5 out of 5 stars', 'Good price and quality': '5 out of 5 stars'}",PKR ,1114.2,11.77
"Nike Men's Team Legend Short Sleeve Tee Shirt, Dri-Fit",,,4.3,138.0,,100% Polyester,Machine Wash,Imported,"{'Great item': '5 out of 5 stars', 'Buena calidad': '5 out of 5 stars', 'Muy buen material, es fresca.': '4 out of 5 stars', 'Esaxtamente mi talla': '5 out of 5 stars', 'Great Value': '5 out of 5 stars', 'todo bien': '5 out of 5 stars', 'Color incorrecto': '1 out of 5 stars', 'Slow delivery.': '3 out of 5 stars'}",,,
Under Armour Women's Tech Twist V Neck Short Sleeve T-Shirt,5568.21,6963.75,4.6,2018.0,20080.0,100% Polyester,Machine Wash,Imported,"{'Leider zu groß': '3 out of 5 stars', 'El tejido absorbe sudor y secado rápido.': '5 out of 5 stars', 'Perfekt': '5 out of 5 stars', 'Super Shirts': '5 out of 5 stars', 'Material angenehm auf der Haut': '5 out of 5 stars'}",PKR ,1395.54,20.04
Under Armour Men's Global Foundation Short Sleeve T Shirt,5222.81,6963.75,4.7,4745.0,19827.0,"60% Cotton, 40% Polyester",Machine Wash,Imported,"{'Great product / quality / fit.': '5 out of 5 stars', 'Little bigger in size!': '2 out of 5 stars', 'Passt und trägt sich sehr schön...': '5 out of 5 stars', 'Jolie bonne qualité belle couleur': '5 out of 5 stars', 'Bella': '5 out of 5 stars'}",PKR ,1740.94,25.0
Mens Sweatpants with Zipper Pockets Joggers for Men Workout Athletic Gym Track Fitness Clothing Gifts,4175.46,8353.71,4.5,538.0,19342.0,"84% polyester,16% spandex",Machine Wash,Imported,"{'Excelente calidad': '5 out of 5 stars', 'Llego otro color y modelo': '1 out of 5 stars'}",PKR ,4178.25,50.02
Under Armour boys Tech 2.0 Short-sleeve T-shirt,4175.46,5571.0,4.7,2413.0,18618.0,100% Other Fibers,Machine Wash,Imported,"{'The real size': '2 out of 5 stars', 'Cómoda, bonita y barata': '5 out of 5 stars', 'Excellent': '5 out of 5 stars', 'Hermosa!!': '5 out of 5 stars', 'Parfait et bonne taille.': '5 out of 5 stars'}",PKR ,1395.54,25.05
Under Armour Men's Project Rock Brahma Bull Long Sleeve,6846.76,11142.0,4.7,174.0,20598.0,100% Polyester,Machine Wash,Imported,"{'Good quality': '5 out of 5 stars', 'Buen  producto': '5 out of 5 stars'}",PKR ,4295.24,38.55
OYGSieg 5 Pack Workout Shirts for Men Short Sleeve Athletic Active Tops Quick Dry Crew Neck T Shirt for Running,5011.11,6960.96,4.5,1208.0,23582.0,100% Polyester,Machine Wash,Imported,"{'Great quality and price.': '5 out of 5 stars', 'Great buy!': '5 out of 5 stars', 'Size is off but pretty good shirts beyond that': '4 out of 5 stars', 'I’m VERY happy with these shirts!': '5 out of 5 stars', 'Wearing it softly': '5 out of 5 stars', 'Very nice shirts': '5 out of 5 stars', 'Great fit': '5 out of 5 stars', 'Great shirts': '5 out of 5 stars'}",PKR ,1949.85,28.01
MAGCOMSEN Men's Dry Fit Shirts Mesh Short Sleeve Athletic Lightweight Workout Performance Hiking Shirt,2782.71,6122.53,4.6,312.0,17760.0,"86% Polyester, 14% Spandex",Machine Wash,Imported,"{'Super léger': '5 out of 5 stars', 'Good quality': '5 out of 5 stars', 'Very good shirt': '5 out of 5 stars', 'Great value': '5 out of 5 stars', 't-shirts': '2 out of 5 stars'}",PKR ,3339.82,54.55
"ATHVOTAR Leggings with Pockets for Women, 7 Packs High Waisted Workout Tummy Control Yoga Pants",13924.71,,4.5,1480.0,28144.0,"78%Polyester, 22%Elastane",Imported,High Rise,"{'You won’t regret this purchase!': '5 out of 5 stars', 'Like Butter Baby': '5 out of 5 stars', ""Best purchase ever! I'm in love with these!"": '5 out of 5 stars', 'Quality': '5 out of 5 stars', 'Love the pockets': '4 out of 5 stars', 'Perfect for exercise!': '5 out of 5 stars', 'A great buy': '5 out of 5 stars', 'Workout leggings': '5 out of 5 stars'}",PKR ,,
Reebok Women's Swish Running 3” Short,4080.76,8356.5,4.2,39.0,20183.0,100% Polyester,Machine Wash,Imported,"{'Best long distance running shorts': '5 out of 5 stars', 'Great workout short, great modesty biker short underneath': '5 out of 5 stars', 'Weird fit': '1 out of 5 stars', 'Comodidad': '5 out of 5 stars', 'Nice': '4 out of 5 stars', 'Calidad y horma muy bien': '5 out of 5 stars', 'Comfortable and Good Quality': '5 out of 5 stars', 'Comfortable and cute!': '5 out of 5 stars'}",PKR ,4275.74,51.17
NIASHOT Womens Two Piece Lounge Sets Summer Contrast Side Stripes 2 Piece Workout Athletic Outfits Matching Clothing Set,2782.71,,4.3,211.0,18186.0,"88% Polyester, 12% Spandex",Machine Wash,Imported,"{'Super Soft, Comfortable & Flattering Set': '5 out of 5 stars', 'Amazing': '5 out of 5 stars', 'Cute set and good for price': '4 out of 5 stars', 'A great buy!': '5 out of 5 stars', 'Great everyday outfit': '5 out of 5 stars', 'Ran small': '3 out of 5 stars', 'Great Workout Set': '5 out of 5 stars', 'Great set for the price.': '5 out of 5 stars'}",PKR ,,
"Reebok Men's Legacy Sleeveless Crewneck Tank Top, Standard Fit, Lightweight Cotton-Poly Jersey Fabric",5537.57,,4.8,38.0,18559.0,"60% Cotton, 40% Polyester",Machine Wash,Imported,{'Hugs your shape': '1 out of 5 stars'},PKR ,,
VALANDY Creamlush High Waisted Leggings for Women Buttery Soft Stretchy Tummy Control Workout Yoga Running Pants(S-3XL),9465.13,11139.21,4.5,10609.0,25244.0,90% Polyester and 10% Spandex,Machine Wash,Imported,"{'LOVE these!': '5 out of 5 stars', 'Beautiful and comfy': '5 out of 5 stars', 'Soft, comfortable nice material. I like the feel of them. Lovely colours.': '5 out of 5 stars', 'Silky material': '5 out of 5 stars', 'Not very Thick': '4 out of 5 stars'}",PKR ,1674.08,15.03
Nike Boys' Dri-FIT Essentials Micro Multi-Pack Boxer Briefs,7799.4,,4.6,1020.0,20233.0,,,,"{'Mi sobrino encantado': '5 out of 5 stars', 'Excelente': '5 out of 5 stars', 'Excellent quality': '5 out of 5 stars', 'Molto belle!': '5 out of 5 stars', 'Nike Boxershorts': '5 out of 5 stars'}",PKR ,,
NIASHOT Two Piece Casual Workout Sets for Women Athletic 2 Piece Summer Outfits Lounge Matching Sets Clothing,2501.38,5568.21,4.4,186.0,17793.0,"88% Polyester, 12% Spandex",Machine Wash,Imported,"{'Comfortable and Stylish Two Piece Ribbed Workout Set': '5 out of 5 stars', 'Buttery material 😍': '5 out of 5 stars', 'True to size, cotton-rich feel': '5 out of 5 stars', 'Two piece short set': '5 out of 5 stars', 'Quality is not bad': '3 out of 5 stars', 'Fits good enough': '4 out of 5 stars', 'Go get one!!': '5 out of 5 stars', 'So freakin cute!': '5 out of 5 stars'}",PKR ,3066.83,55.08
FULLSOFT Buttery Soft Leggings for Women - High Waisted Tummy Control No See Through Workout Yoga Cycling Tights Pants,2005.56,,4.3,18087.0,17615.0,,,,"{'Mi reseña': '5 out of 5 stars', 'Love': '5 out of 5 stars', 'Soft': '5 out of 5 stars', 'Is see through.': '4 out of 5 stars', 'Anyone can order these and feel confident when wearing them.': '5 out of 5 stars'}",PKR ,,
"Reebok Men's Reflective Small Logo Crewneck T-Shirt, Standard Fit, Lightweight Cool Touch Jersey Fabric",4359.31,,4.8,142.0,19072.0,"90% Polyester, 10% Spandex",Machine Wash,Imported,"{'Accurate sizing chart': '5 out of 5 stars', 'Awesome T-shirt': '5 out of 5 stars', 'Llegó según lo acordado': '4 out of 5 stars', 'Soft and lightweight': '5 out of 5 stars', 'Great Shirt!': '5 out of 5 stars', 'COMFORTABLE!!': '5 out of 5 stars', 'Excelente': '5 out of 5 stars', 'Cómoda': '5 out of 5 stars'}",PKR ,,
TACVASEN Men's Workout Shirts Athletic Dry Fit Mesh Short Sleeve Shirts Moisture Wicking Running Performance Gym Tee,2782.71,6401.08,4.4,56.0,18080.0,86%polyester 14%Spandex,Imported,Pull On,"{'Fits as expected': '5 out of 5 stars', 'Great value shirt': '5 out of 5 stars', 'size is bigger than size(large) i ordered': '4 out of 5 stars', 'Excelente': '5 out of 5 stars', 'Great workout shirt!': '5 out of 5 stars', 'Breathable shirt': '5 out of 5 stars', 'Breathable active shirt': '4 out of 5 stars', 'The Perfect Sports Shirt': '5 out of 5 stars'}",PKR ,3618.37,56.53
Neleus Men's Workout Tank Tops 3 Pack Sleeveless Running Shirts with Hoodie,8632.26,,4.6,5983.0,23286.0,100% Polyester,Machine Wash,Imported,"{'muy practicas.': '5 out of 5 stars', 'Me encantaron': '5 out of 5 stars', 'Valeu cada centavo': '5 out of 5 stars', 'Loose fitting': '4 out of 5 stars', 'Quality Hoodies': '5 out of 5 stars'}",PKR ,,
"Ekkovision Lifestyle Beaters, Men's Tank Tops, Cotton Spandex Tanks for Men, Regular Fit, Ribbed Fabric",5011.11,,4.3,40.0,20412.0,Cotton Blend,Machine Wash,Made in the USA,"{'Teen approved': '5 out of 5 stars', 'Great Beater All Around': '5 out of 5 stars', 'Good fit': '4 out of 5 stars', 'Good quality. Worth the extra money': '5 out of 5 stars', 'Black Conpression Tank': '5 out of 5 stars', 'Size up': '1 out of 5 stars', 'hi': '5 out of 5 stars', 'Not True to Size': '4 out of 5 stars'}",PKR ,,
BAMBOO COOL Breathable Men's Underwear Modern Multipack Comfortsoft Moisture-Wicking Boxer Briefs 6 Pack,14760.36,,4.7,2836.0,24364.0,"47% Viscose Derived from bamboo,47% Polyester,and 6% Spandex",Machine Wash,Imported,"{'Buena calidad precio': '5 out of 5 stars', 'Buen compra': '5 out of 5 stars'}",PKR ,,
BRXL BrxlMen Men's Short Sleeve Casual Shirts with Pocket Textured Look Moisture Wicking Running T-Shirts Quick Dry,6960.96,,4.2,9.0,19598.0,"78% Nylon, 22% Spandex",Machine Wash,Pull On,"{'Lightweight Great For Warm Weather': '5 out of 5 stars', 'Good workout shirt with solid moisture-wicking, though the fabric feels a bit stiff': '4 out of 5 stars', 'Fast fashion': '3 out of 5 stars', 'Beautifully made shirt for the gym or a night out on the town': '5 out of 5 stars', 'Comfortable and versatile shirt with a clean, textured look': '4 out of 5 stars', 'Great for running, Thick nylon stretchy material': '5 out of 5 stars', 'Odd style': '3 out of 5 stars', 'Material is a bit odd feeling but its comfortable': '4 out of 5 stars'}",PKR ,,
7/8 Pack Mens Short Sleeve Shirts Quick Dry Moisture Wicking Athletic Running Gym Workout Casual Basic Tee Shirt,9189.36,,4.2,165.0,28264.0,100% Polyester,Imported,Pull On,"{'Nice colors...but': '5 out of 5 stars', 'Nice': '5 out of 5 stars', 'Light, cool, comfortable and inexpensive.': '5 out of 5 stars', 'Buen material, y super trampirables': '4 out of 5 stars', 'Nice fabric - loose collar': '3 out of 5 stars', 'Great Value': '5 out of 5 stars', 'Good feel fit': '5 out of 5 stars', 'I would not buy these, great price, but....': '1 out of 5 stars'}",PKR ,,
Real Essentials 5 Pack: Men's Dry-Fit Short Sleeve Crew Neck T Shirts Fitness Running Gym Workout Cool Exercise Athletic Tee,10025.01,,4.3,94921.0,24921.0,"90% Polyester, 10% Spandex",Machine Wash,"Designed in USA, Imported","{'Very good': '5 out of 5 stars', 'Good buy': '5 out of 5 stars', 'Great breathable t-shirts': '5 out of 5 stars', 'Quality': '5 out of 5 stars', 'Get a size up': '4 out of 5 stars'}",PKR ,,
Under Armour Mens Tech 2.0 V-Neck Short-Sleeve T-Shirt,2802.21,6963.75,4.6,11101.0,19448.0,100% Polyester,Machine Wash,Imported,"{'Perfect': '5 out of 5 stars', 'Great T shirt for everyday wear.': '5 out of 5 stars', 'Great buy': '5 out of 5 stars', 'Great fit': '5 out of 5 stars', 'Fits as XL but longer': '5 out of 5 stars'}",PKR ,4161.54,59.76
Womens Workout Tops Summer Short Sleeve Shirts Athletic Color Block Gym Clothes Outfits Sun Protection UPF 50+ T Shirts,2782.71,5568.21,4.3,199.0,17849.0,"95% Polyester, 5% Spandex","Machine Wash, Quick Dry",Imported,"{'Well made for the price!': '5 out of 5 stars', 'So Comfortable!': '5 out of 5 stars', 'Nice top': '4 out of 5 stars', ""As advertised. Way worth the money! It's worth more actually."": '5 out of 5 stars', 'Poor quality but fits OK': '3 out of 5 stars', 'Comfortable': '5 out of 5 stars', 'Sooooo comfy and soft!!': '5 out of 5 stars', 'Not a soft material': '1 out of 5 stars'}",PKR ,2785.5,50.03
Puma Mens Train All Day Essentials T-Shirt,5537.57,6963.75,4.6,79.0,20818.0,,,,"{'Perfect!': '5 out of 5 stars', 'The shirt is comfortable': '5 out of 5 stars', '.': '5 out of 5 stars', 'Nice': '4 out of 5 stars', 'And Adidas guy but glad I gave Puma a try!': '5 out of 5 stars', 'Buena compra': '5 out of 5 stars', 'Excelente producto': '5 out of 5 stars', 'Quality shirt': '5 out of 5 stars'}",PKR ,1426.18,20.48
Reebok Mens Sleeveless Muscle Tank Singlet,5849.55,6963.75,4.5,122.0,21704.0,100% Polyester,Machine Wash,Imported,"{'Buena compra': '5 out of 5 stars', 'Excelente prenda': '5 out of 5 stars'}",PKR ,1114.2,16.0
"Amazon Essentials Men's Moisture Wicking Breathable Active Performance Tech Gym T-Shirts, Pack of 2",3760.42,,4.4,12460.0,20562.0,100% Polyester,"Machine Wash Cold, Tumble Dry Low",Imported,"{'Great value and nice quality': '5 out of 5 stars', 'Très très grand': '3 out of 5 stars', 'Flexible': '5 out of 5 stars', 'Bra pris': '4 out of 5 stars', 'Buena opción': '5 out of 5 stars'}",PKR ,,
"UA Tech Play Up Women's 3"" Loose Fit Shorts",4108.61,8356.5,4.7,813.0,19690.0,100% Polyester,Machine Wash,Imported,"{'Tolle Hose für den Sport im Sommer': '5 out of 5 stars', 'Größe L': '5 out of 5 stars', 'Mejorar la tela..parece imitación de esa marca': '1 out of 5 stars', 'Sbagliato il colore': '2 out of 5 stars', 'Sizing accurate': '5 out of 5 stars'}",PKR ,4247.89,50.83
"Reebok Men's Short Sleeve Graphic Crewneck T-Shirt, Standard Fit, Lightweight Cotton-Poly Fabric",4718.64,6963.75,4.5,377.0,20465.0,"60% Cotton, 40% Polyester",Machine Wash,Imported,"{'Great quality': '5 out of 5 stars', 'Great product  !!': '5 out of 5 stars', 'Good quality': '5 out of 5 stars', 'Fit well': '5 out of 5 stars', ""Reebok's King !"": '5 out of 5 stars', 'Size perfecto': '4 out of 5 stars', 'Nice shirt': '5 out of 5 stars', 'Comoda': '5 out of 5 stars'}",PKR ,2245.11,32.24
"adidas Men's Regular Fit Lightweight Active Tee - Moisture Wicking (Black, Medium)",,,4.6,3.0,3.0,"88% Recycled Polyester, 12% Elastane",Machine Wash,Imported,{'Buena camiseta de Adidas': '5 out of 5 stars'},,,
"Reebok Men's Force Short Sleeve Crewneck T-Shirt, Standard Fit, Lightweight Super Stretch Poly Square Hole Mesh Fabric",4284.1,,4.6,37.0,20526.0,"86% Polyester, 14% Spandex",Machine Wash,Imported,"{'Excelente': '5 out of 5 stars', 'Comfy and lightweight tee.': '4 out of 5 stars', 'Excelente calidad': '5 out of 5 stars', ""Reebok Men's Force Short Sleeve Crewneck T-Shirt, Standard Fit, Black, Small"": '5 out of 5 stars', 'Good t-shirt with great airflow. Perfect for exercising': '5 out of 5 stars', 'A Lightweight Athletic Tee That Breathes Well and Fits Right': '4 out of 5 stars', ""It's a great shirt, even if just used for physical activity."": '5 out of 5 stars'}",PKR ,,
Nike Mens Training T-Shirt,7977.67,,4.4,455.0,21267.0,100% Polyester,Machine Wash,Imported,{'Playera nike': '5 out of 5 stars'},PKR ,,
Pudolla Men's Cotton Yoga Sweatpants Athletic Lounge Pants Open Bottom Casual Jersey Pants for Men with Pockets,10025.01,,4.4,8823.0,22050.0,"92% Cotton, 8% Spandex",Machine Wash,Imported,"{'Best': '5 out of 5 stars', 'Super comfortable pants': '5 out of 5 stars', 'Love them!!': '5 out of 5 stars', 'Buena relación costo/beneficio': '4 out of 5 stars', 'Bloody great': '5 out of 5 stars'}",PKR ,,
Real Essentials 5 Pack: Women's Racerback Tank Top Dry-Fit Athletic Performance Yoga Activewear (Available in Plus Size),9746.46,,4.4,7824.0,24292.0,"90% Polyester, 10% Spandex",Hand Wash Only,"Designed in USA, Imported","{'Perfect fit': '5 out of 5 stars', 'Preciosas': '5 out of 5 stars', 'Great item': '5 out of 5 stars', 'Quick dry': '5 out of 5 stars', 'Muy practicas': '5 out of 5 stars'}",PKR ,,
Nike Mens Classic,3500.0,7000.0,4.5,2602.0,19320.0,100% Polyester,Machine Wash,Imported,"{'Amazing! Beautiful and high quality!': '5 out of 5 stars', 'Pésimo material': '1 out of 5 stars', 'Nike Mens Regular très bien pour moi.': '5 out of 5 stars', 'good quality': '5 out of 5 stars', 'Size and quality': '1 out of 5 stars'}",PKR,3500.0,50.0
TACVASEN Men's Tank Tops Quick Dry Sleeveless Workout Muscle Shirt Athletic Bodybuilding Gym Performance Tee Shirts,2782.71,5286.88,4.4,499.0,17576.0,100% Polyester,Machine Wash,Pull On,"{'Comfortable and Not a Sweaty Mess': '5 out of 5 stars', 'Great fit and comfortable.': '5 out of 5 stars', 'Comfortable': '4 out of 5 stars', 'Color fast - nice washable -': '5 out of 5 stars', 'May cause heat rash': '2 out of 5 stars'}",PKR ,2504.17,47.37
MAGCOMSEN Men's Short Sleeve Moisture Wicking Shirts Athletic Running Workout T-Shirts Performance Breathable Tshirt,2782.71,6958.18,4.1,49.0,17796.0,100% Polyester,Imported,Pull On,"{'Hubby loves them!': '5 out of 5 stars', 'Perfect combination of fit, comfort and breathability': '5 out of 5 stars', 'Great lightweight workout shirt - picking up more!': '5 out of 5 stars', 'to thin': '1 out of 5 stars', 'Nice tee shirt': '4 out of 5 stars', ""Men's Moisture Wicking Shirt"": '5 out of 5 stars', 'Size is way off': '3 out of 5 stars', 'Comfortable, Durable, and Well-Fitting': '5 out of 5 stars'}",PKR ,4175.47,60.01
Reebok Men's Muscle Performance Crewneck Tank Top,4768.78,,4.5,87.0,18913.0,"90% Polyester, 10% Spandex",Machine Wash,Imported,{'Excelente': '5 out of 5 stars'},PKR ,,
Nike Soccer Park III Shorts,5520.86,6342.58,4.2,9174.0,21774.0,100 % Polyester,Hand Wash Only,Imported,"{'لايوجد جيب': '3 out of 5 stars', 'Super': '5 out of 5 stars', 'THESE ARE KIDS SHORTS': '1 out of 5 stars', 'A bit thin but overall good.': '5 out of 5 stars', 'Nice quality shorts at a perfect price': '5 out of 5 stars'}",PKR ,821.72,12.96
"Under Armour Men's Tech Graphic 10"" Shorts",6960.96,8356.5,4.7,72424.0,21217.0,100% Polyester,Machine Wash,Imported,"{'La tela es muy fresca y de secado rápido': '5 out of 5 stars', 'Top of the range quality, superb price , great fit !!': '5 out of 5 stars', 'Ua kalitesi': '5 out of 5 stars', 'Short': '5 out of 5 stars', 'Really nice colour, usual high quality from underarmour': '5 out of 5 stars'}",PKR ,1395.54,16.7
THE GYM PEOPLE Womens' Sports Bra Longline Wirefree Padded with Medium Support,6403.86,,4.4,49559.0,20050.0,"80% Polyamide, 20% Spandex",Hand Wash Only,Imported,"{'Superbe brassière 😍': '5 out of 5 stars', 'Inaccurate product description/depiction.': '1 out of 5 stars', 'Love the colour, love the fit': '5 out of 5 stars', 'Lovely quality and great shape': '5 out of 5 stars', 'Me encantaron': '5 out of 5 stars'}",PKR ,,
lomsoe 3 Pack Sweatpants for Men Tapered Mens Joggers Pants with Zip Pockets Slim Fit Running Gym Sweat Pants Gifts for Men,11139.21,16710.21,4.4,1280.0,17637.0,100% Polyester,Machine Wash,Imported,"{'Well made .': '5 out of 5 stars', 'Schlecht verarbeitet + anders als auf Bildern': '1 out of 5 stars', 'Sweat pants.': '5 out of 5 stars', 'Poor quality': '1 out of 5 stars', 'Bad finishing': '1 out of 5 stars'}",PKR ,5571.0,33.34
MAGCOMSEN Men's Short Sleeve Moisture Wicking Shirts Athletic Running Workout T-Shirts Performance Breathable Tshirt,2782.71,6958.18,4.1,49.0,18069.0,100% Polyester,Imported,Pull On,"{'Hubby loves them!': '5 out of 5 stars', 'Perfect combination of fit, comfort and breathability': '5 out of 5 stars', 'Great lightweight workout shirt - picking up more!': '5 out of 5 stars', 'to thin': '1 out of 5 stars', 'Nice tee shirt': '4 out of 5 stars', ""Men's Moisture Wicking Shirt"": '5 out of 5 stars', 'Comfortable, Durable, and Well-Fitting': '5 out of 5 stars', 'very light and comfortable': '5 out of 5 stars'}",PKR ,4175.47,60.01
"RUNNING GIRL Sports Bras for Women,Padded Strappy Sports Bras Criss-Cross Back Medium Support Sports Bras with Removable Cups",5568.21,6682.41,4.4,45695.0,19846.0,"75% Nylon, 25% Spandex",Machine Wash,Elastic,"{'Super schöner Sport BH 😍👍': '5 out of 5 stars', 'Very good support': '5 out of 5 stars', 'Fits small': '1 out of 5 stars', 'Excelente compra': '5 out of 5 stars', 'Great sports bra': '5 out of 5 stars'}",PKR ,1114.2,16.67
"Reebok Apparel Men's Gladiator Large Logo Muscle, Black Heather",4437.3,6615.56,4.7,35.0,19988.0,100% Polyester,Machine Wash,Imported,"{'Satisfecho': '5 out of 5 stars', 'Good quality and looks nice': '5 out of 5 stars', 'Simple Muscle Tee with a Bold Look': '5 out of 5 stars', 'Muscle Tee with Oversized Heritage Graphic': '4 out of 5 stars', 'Comfortable arm holes and sweat absorbing material': '5 out of 5 stars', 'Quality shirt, but too long for a small': '3 out of 5 stars', 'super soft, comfortable athletic shirt': '5 out of 5 stars', 'Extremely Comfortable, Great Quality': '5 out of 5 stars'}",PKR ,2178.26,32.93
"Reebok Men's Byron Short Sleeve Crewneck T-Shirt, Standard Fit, Lightweight Poly Fabric",4256.24,,4.8,35.0,20236.0,100% Polyester,Machine Wash,Imported,"{'La talla muy bien': '5 out of 5 stars', 'excelente calidad': '5 out of 5 stars', 'Lightweight and comfy shirt I wear daily.': '5 out of 5 stars', 'small was huge': '4 out of 5 stars', 'Great Fit and Comfortable': '5 out of 5 stars', 'Comfortable, lightweight tee for everyday wear': '5 out of 5 stars', 'Great Shirt!': '5 out of 5 stars', 'The perfect shirt for exercising': '5 out of 5 stars'}",PKR ,,
"AARYA Athletic Shirts Women, Summer Long Sleeve Reversible Yoga Top with Drawstring Loose V-Neck Workout Shirt",9189.36,,4.3,27.0,30751.0,"74% Cotton, 26% Polyester",Machine Wash,Imported,"{'Love the shape and color, the fabric is great too.': '5 out of 5 stars', 'SO PRETTY': '5 out of 5 stars', 'Nice lightweight top, runs large': '4 out of 5 stars', 'Breathable, flattering, reversible active top with adjustable fit': '5 out of 5 stars', 'Not for me': '2 out of 5 stars', 'awesome color': '5 out of 5 stars', 'Baggy wide fit': '3 out of 5 stars', 'Nice, high quality top for all ages and design styles.': '5 out of 5 stars'}",PKR ,,
"Kewlioo Sauna Shirt for Men - Heat Trapping Sweat Vest, Sauna Suit For Men, Compression Workout Sweat Suit for Gym, Workouts",17545.86,,4.3,12381.0,27676.0,"Outer: 90% polyester , 10% spandex inner: 100% polyurethane",Machine Wash,Imported,"{'Damn. Nice. But bad.': '1 out of 5 stars', 'جيد وفعال': '5 out of 5 stars', 'Too small': '5 out of 5 stars', 'جيد جدا': '5 out of 5 stars', 'Worked well, sweated buckets': '4 out of 5 stars'}",PKR ,,
FULLSOFT 3 Pack Leggings for Women High Waisted Soft Black Yoga Pants for Workout Athletic Running Reg & Plus Size,6123.6,,4.3,35432.0,22120.0,,,,"{'Nice': '4 out of 5 stars', 'Best Legging EVER!': '5 out of 5 stars', 'Good value': '3 out of 5 stars', 'Delgados': '5 out of 5 stars', 'Cómodos para el ejercicio': '5 out of 5 stars'}",PKR,,
MAGCOMSEN Men's Short Sleeve UPF 50+ T-Shirt Quick Dry Workout Athletic Running Swim Tops Tee Rash Guard Performance Shirts,4197.2,5314.4,4.5,3072.0,8960.0,100% Polyester,Machine Wash,Imported,,PKR,1117.2,21.02
Under Armour Freedom Flag Short Sleeve T-Shirt,7000.0,,4.7,693.0,10080.0,"60% Cotton, 40% Polyester",Machine Wash,Imported,,PKR,,
PINSPARK Women's Workout Tank Tops Back Pleat Loose Fit Sleeveless Yoga Athletic Shirts Soft UPF 50+ Cooling Running Gym Tops,2782.71,3339.81,4.5,146.0,18022.0,"87% Nylon, 13% Spandex",Machine Wash,Imported,{'Transparent': '1 out of 5 stars'},PKR ,557.1,16.68
Under Armour Women's Fly by Shorts,,,4.4,2032.0,,100% Polyester,Machine Wash,Imported,,,,
Kewlioo Men's Heat Trapping Zipper Sweat Enhancing Vest - Sauna Suit Shirt Compression Vest Shapewear Top for Gym Exercise,6717.2,,4.2,6804.0,17360.0,"Outer: 90% Polyester, 10% Spandex. Inner: 100% Polyurethane",Machine Wash,Imported,"{'Passt die Größe': '3 out of 5 stars', 'Gym': '5 out of 5 stars', 'Buena calidad': '5 out of 5 stars', 'confortable': '5 out of 5 stars', ""Produit négligeable surtout au prix de l'investissement Ah revoir"": '1 out of 5 stars'}",PKR,,
THE GYM PEOPLE Womens High Waisted Running Shorts Quick Dry Athletic Workout Shorts with Mesh Liner Zipper Pockets,,,4.3,13514.0,,Hand Wash Only,Imported,Zipper,,,,
"Adidas Aeroready Performance Weightlifting Gloves, Fingerless Workout Gloves",,,4.2,2590.0,,,,,,,,
Reebok Men's Relay Race 7” Short,,,4.6,59.0,,"79% Nylon, 21% Spandex",Machine Wash,Imported,,,,
Trendy Queen Womens Oversized Summer T-Shirts Plus Size Short Sleeves Workout Tops,4197.2,,4.5,7253.0,8680.0,"65% Polyester, 30% Cotton, 5% Spandex",Machine Wash,Imported,,PKR,,
"Reebok Women's Small Logo Short Sleeve Crewneck T-Shirt, Lightweight, Moisture Wicking",,,4.7,38.0,,100% Polyester,Machine Wash,Imported,,,,
adidas Womens Optime Essentials 3-Stripes 7/8 Training Leggings,5600.0,6585.6,4.4,199.0,9240.0,"85% Recycled Polyester, 15% Elastane",Machine Wash,Imported,,PKR,985.6,14.97
Under Armour Women's Project Rock Sportstyle Tank Top,,,4.7,231.0,,100% Polyester,Machine Wash,Imported,,,,
BAMBOO COOL Breathable Men's Underwear Modern Multipack Comfortsoft Moisture-Wicking Boxer Briefs 6 Pack,14837.2,,4.7,2836.0,25200.0,"47% Viscose Derived from bamboo,47% Polyester,and 6% Spandex",Machine Wash,Imported,"{'Buena calidad precio': '5 out of 5 stars', 'Buen compra': '5 out of 5 stars'}",PKR,,
"BAMBOO COOL Men's Ultra Breathable Underwear,No Riding Up Boxer Briefs with ComfortFlexible Waistband,Multipack",9066.4,11194.4,4.6,8955.0,21560.0,"92% viscose made from bamboo, 8% spandex",Machine Wash,Imported,"{'Perfect': '5 out of 5 stars', 'Price': '3 out of 5 stars', 'High-quality and Highly Recommended!': '5 out of 5 stars', 'It wax what I needed': '5 out of 5 stars', 'Best fit!': '5 out of 5 stars'}",PKR,2128.0,19.01
"BAMBOO COOL BreezeBoo Men's Ultra Breathable Underwear Mesh Boxer Briefs with Lightwight Wasitband,No Ride Up,Multipack",8282.4,8800.4,4.6,2203.0,21280.0,"92% viscose made from bamboo, 8% spandex",Machine Wash,Imported,"{'Good item!': '5 out of 5 stars', 'Comfortable': '5 out of 5 stars', 'Great': '5 out of 5 stars', 'Más suave, suave, suave; que LuisMi': '5 out of 5 stars', 'Decent support': '5 out of 5 stars'}",PKR,518.0,5.89
"M MAELREG Men's Golf Shorts Flat Front 7"" Lightweight Stretch Quick Dry Dress Work Mens Casual Shorts with 4 Pockets",11746.0,,4.7,25.0,22120.0,"75% Nylon, 25% Spandex",Machine Wash,Imported,"{""My husband's absolute favorite short: premium quality, comfort, and style."": '5 out of 5 stars', 'Exceptional all around!': '5 out of 5 stars', 'Quick-Dry Shorts That Perform Well in Warm Weather': '4 out of 5 stars', 'Comfortable Golf Shorts That Look Sharp Anywhere I Go': '5 out of 5 stars', 'Comfortable and Versatile Golf Shorts with a Clean Everyday Look': '5 out of 5 stars', 'Well-Made and Stretchable!': '5 out of 5 stars', 'Love them': '5 out of 5 stars', 'Nice fit, definitely on the short side': '5 out of 5 stars'}",PKR,,
"Reebok Women's Embroidery Hit Graphic Crewneck T-Shirt, Standard Fit, Lightweight Stretch Cotton Fabric",3962.0,6650.0,4.4,84.0,8680.0,"95% Cotton, 5% Spandex",Machine Wash,Imported,,PKR,2688.0,40.42
Ekouaer Women's Active Performance Skort Lightweight Skirt for Running Tennis Golf Workout Sports,,,4.4,22413.0,,"95% Polyester, 5% Spandex",Machine Wash (Max 40°C),Imported,,,,
"ODODOS Women's Tummy Control Biker Shorts 2.0 with Pockets High Waist Athletic Workout Yoga Shorts-3.5''/ 5""/ 8"" / 10"" Inseam",5594.4,,4.6,6692.0,19320.0,"76% Polyester, 24% Spandex",Machine Wash,Imported,{'Short': '3 out of 5 stars'},PKR,,
Men's Tank Tops 3 Pack Sleeveless Workout Mesh Material Quick Dry Athletic Running Gym Muscle Beach Fitness Shirts,,,4.0,324.0,,100% Polyester,Machine Wash,Imported,,,,
"UIQUR Mens Athletic Shorts Running Shorts Quick Dry Workout Shorts 7""/ 9"" Lightweight Gym Basketball Shorts Zipper Pockets",2797.2,,4.4,497.0,18200.0,100% Polyester,Machine Wash,Imported,"{'Great shorts': '5 out of 5 stars', 'Shorts for the summer': '5 out of 5 stars', 'Good looking, loose fitting and comfortable': '5 out of 5 stars', 'Nice Pair of Exercise Shorts and Great Price!': '4 out of 5 stars', 'Good value for the money': '5 out of 5 stars', 'Muy bueno': '5 out of 5 stars', 'Great fit': '5 out of 5 stars', ""cheapest material ive ever seen in clothes. don't buy"": '1 out of 5 stars'}",PKR,,
"Men's Workout T-Shirt Quick Dry Moisture Wicking Athletic Gym Shirts, Breathable Short Sleeve Training Running Tops",5597.2,,4.6,26.0,19600.0,100% Polyester,Imported,Crew Neck,"{'Great workout shirt — comfortable, quick-dry, and perfect for training': '5 out of 5 stars', 'Performance & Comfort!': '5 out of 5 stars', 'Moisture-wicking. Fit is fine, but seems to run a tad big. Texture is okay': '4 out of 5 stars', 'Built to move': '5 out of 5 stars', 'Nice t-shirt!': '5 out of 5 stars', 'Looks like cotton - feels like polyester': '3 out of 5 stars', 'Nice weight shirt for non-workouts': '5 out of 5 stars', 'Feels a bit heavy for a wicking shirt, but it DOES wick the sweat away': '5 out of 5 stars'}",PKR,,
PINSPARK Men's Tank Tops Quick Dry Summer Workout Muscle Shirt Athletic Casual Sleeveless Shirts for Bodybuilding Beach Gym,,,4.8,57.0,,"76%Polyester,19%Viscose,5%Spandex",Machine Wash,Imported,,,,
MAGCOMSEN Mens Shirts Short Sleeve UPF 50+ Quick Dry Gym Running Swim Fishing T-Shirts Performance Rash Guard,4197.2,5594.4,4.8,29.0,18200.0,100% Polyester,Machine Wash,Imported,"{'Performance, protection, and quality all in one shirt!': '5 out of 5 stars', 'Great UPF Shirt for Any Outdoor Activity': '5 out of 5 stars', 'Lightweight, comfortable, and perfect for outdoor activities': '5 out of 5 stars', 'Lightweight performance shirt with quick-dry comfort': '4 out of 5 stars', 'Soft and Comfortable and true to size': '5 out of 5 stars', 'Nice loose-fitting t-shirt to keep you cool': '5 out of 5 stars', 'Great workout shirt/yard work shirt': '5 out of 5 stars', 'Great light shirt for the gym': '5 out of 5 stars'}",PKR,1397.2,24.97
"TEEPRIE Men’s Running Shorts, Athletic Gym Basketball Short with Pockets, Quick Dry Workout Short for Men Casual Sports",6997.2,11197.2,4.2,164.0,,"90% polyester,10% spandex blend",Machine Wash&Hand Wash,Imported,"{'Shorts': '5 out of 5 stars', 'Good material fit well': '5 out of 5 stars', 'Men’s running shorts are great': '5 out of 5 stars', 'Thin material and shapeless but comfortable': '4 out of 5 stars', 'Length Misrepresentation': '3 out of 5 stars', 'Duradero para uso deportivo.': '5 out of 5 stars', 'True to size': '5 out of 5 stars', 'Buyer Beware': '1 out of 5 stars'}",PKR,4200.0,37.51
"Kewlioo Sauna Shirt for Men - Heat Trapping Sweat Vest, Sauna Suit For Men, Compression Workout Sweat Suit for Gym, Workouts",17637.2,,4.3,12381.0,27440.0,"Outer: 90% polyester , 10% spandex inner: 100% polyurethane",Machine Wash,Imported,"{'Damn. Nice. But bad.': '1 out of 5 stars', 'جيد وفعال': '5 out of 5 stars', 'Too small': '5 out of 5 stars', 'جيد جدا': '5 out of 5 stars', 'Worked well, sweated buckets': '4 out of 5 stars'}",PKR,,
HOTSUIT Men Sauna Suit Sweat Suits Durable Gym Exercise Workout Jacket,8397.2,9517.2,4.5,4790.0,19320.0,Polyester,Hand Wash Only,Imported,"{'Excellent!': '5 out of 5 stars', 'Chandal sauna ideal para perdida de peso.': '5 out of 5 stars', 'Top': '5 out of 5 stars', 'Sitzt perfekt und tut sein Werk': '5 out of 5 stars', 'Good price and quality': '5 out of 5 stars'}",PKR,1120.0,11.77
3 Pack Workout Tank Tops for Women with Built in Bra Ribbed Seamless Racerback Athletic Running Gym Yoga Tops,9517.2,,4.3,50.0,22120.0,"90% Nylon, 10% Spandex",Machine Wash,Imported,,PKR,,
"Spyder Womens Workout Tank Tops – Seamless Workout Tank Tops Woman, Yoga Tops for Women, Athletic Activewear Gym Tanks",5037.2,,4.4,44.0,8680.0,100% Nylon,Machine Wash,Imported,,PKR,,
BRXL BrxlMen Men's Short Sleeve Casual Shirts with Pocket Textured Look Moisture Wicking Running T-Shirts Quick Dry,6997.2,,4.2,9.0,19600.0,"78% Nylon, 22% Spandex",Machine Wash,Pull On,"{'Lightweight Great For Warm Weather': '5 out of 5 stars', 'Good workout shirt with solid moisture-wicking, though the fabric feels a bit stiff': '4 out of 5 stars', 'Fast fashion': '3 out of 5 stars', 'Beautifully made shirt for the gym or a night out on the town': '5 out of 5 stars', 'Comfortable and versatile shirt with a clean, textured look': '4 out of 5 stars', 'Great for running, Thick nylon stretchy material': '5 out of 5 stars', 'Odd style': '3 out of 5 stars', 'Material is a bit odd feeling but its comfortable': '4 out of 5 stars'}",PKR,,
HOTSUIT Sauna Shirt for Men Anti-Rip Men's Heat Trapping Pullover Vest Hoodies Tank Top for Boxing Exercise,7837.2,,4.5,357.0,18200.0,Polyester,Machine Wash,Imported,"{'Débardeur au top': '5 out of 5 stars', 'Dies what it says on the tin': '5 out of 5 stars', 'Really good': '5 out of 5 stars', 'Great': '5 out of 5 stars'}",PKR,,
CHRLEISURE Womens Biker Yoga Shorts with Pockets: High Waisted Tummy Control Spandex Workout Athletic Gym Shorts 4 Packs,8565.2,10077.2,4.7,1813.0,22400.0,"75% Polyester, 25% Spandex",Hand Wash Only,Imported,"{'Everything a SAHM sports mom needs!': '5 out of 5 stars', 'Very comfortable and worth the money': '5 out of 5 stars', 'Perfect!! Will buy more!!': '5 out of 5 stars', 'Perfect for Spring, Summer and Fall.': '4 out of 5 stars', 'Workout legging': '5 out of 5 stars', 'Best of the basic bike shorts': '5 out of 5 stars', 'New favorite!': '5 out of 5 stars', 'Great Shorts!!!': '5 out of 5 stars'}",PKR,1512.0,15.0
AARYA Cropped Workout Tank Tops for Women Built in Bra Half Zip High Neck Sports Bras Medium Support Sleeveless Athletic Top,10637.2,,4.3,66.0,22680.0,"83% Nylon 66,17% Lycra,240GSM",Imported,Pull On,"{'Cute but size up': '5 out of 5 stars', 'Best crop top': '5 out of 5 stars', 'Great top, but wish it were a little bit longer': '4 out of 5 stars', 'Medium support is highly accurate. Love it!': '5 out of 5 stars', 'Cute top but runs small.': '3 out of 5 stars', 'Looks amazing': '5 out of 5 stars', 'Highly recommended': '5 out of 5 stars', 'Go up 1 size': '4 out of 5 stars'}",PKR,,
Under Armour Freedom Banner Short Sleeve T-Shirt,6277.6,7000.0,4.8,96.0,9800.0,"60% Cotton, 40% Polyester",Machine Wash,Imported,,PKR,722.4,10.32
Women's Fitness Long Sleeve T-Shirt - UPF 50+ Sun Protection - Devi,,,4.6,199.0,,"87% Polyester, 13% Spandex","MACHINE WASH COLD,WITH LIKE COLORS,DO NOT BLEACH,TUMBLE DRY LOW,REMOVE IMMEDIATELY,COOL IRON IF NEEDED,DO NOT DRY CLEAN",Imported,,,,
"3-Pack Men's Sports Short-Sleeve Quick-Drying Fitness T-Shirts, Moisture-Wicking",,,5.0,2.0,,"92% Polyester, 8% Spandex",Imported,Crew Neck,,,,
"CANGHPGIN 2 Pack Men's Running Athletic Shorts 7'' Quick Dry Sports Gym Shorts with Pockets, Exercise Workout Shorts Men",8397.2,,4.4,1487.0,21000.0,"90% Nylon, 10% Spandex",Machine Wash,Imported,"{'Just PERFECT!': '5 out of 5 stars', 'Comfortable and stylish': '5 out of 5 stars', 'Very comfortable': '4 out of 5 stars', 'very comfortable': '5 out of 5 stars', 'Good quality': '5 out of 5 stars', 'Bad zipper': '3 out of 5 stars', 'Great length': '5 out of 5 stars', 'Great customer relations!': '5 out of 5 stars'}",PKR,,
YEOREO Women's Impact Halter Tank Top Strappy Padded Halter Open Back Deep V Neck Built-in Bra Workout Gym Crop Tops,,,4.5,78.0,,"84%Nylon, 16%Spandex",Hand Wash Only,Imported,,,,
Fisoew Womens Off The Shoulder Cropped Tops Batwing Long Sleeve Loose Fit Summer Boat Neck Workout T Shirts,2797.2,,4.5,265.0,8120.0,"61%Polyester, 33%Viscose, 6%Elastane",Machine Wash,Imported,,PKR,,
NORTHYARD Men's Athletic Running T-Shirts Quick Dry Workout Shirts Short-Sleeve Sports Gym Tee Tops Performance Activewear,5597.2,,4.5,892.0,19320.0,"90%Polyester, 10% Elastane",Machine Wash,Imported,"{'Very good for casual wear': '5 out of 5 stars', 'Great quality - runs a little big': '5 out of 5 stars', 'My husband loves these shirts': '5 out of 5 stars', 'Competent athletic shirt (I own 5) - runs large & long - but does what I need': '4 out of 5 stars', 'Looks to be a good one.': '5 out of 5 stars', 'Great quality for the price': '5 out of 5 stars', 'Great shirt but collar is very loose': '3 out of 5 stars', 'Not new but Nice': '5 out of 5 stars'}",PKR,,
Kewlioo Men's Heat Trapping Zipper Sweat Enhancing Vest - Sauna Suit Shirt Compression Vest Shapewear Top for Gym Exercise,6717.2,,4.2,6805.0,17920.0,"Outer: 90% Polyester, 10% Spandex. Inner: 100% Polyurethane",Machine Wash,Imported,"{'Passt die Größe': '3 out of 5 stars', 'Gym': '5 out of 5 stars', 'Buena calidad': '5 out of 5 stars', 'confortable': '5 out of 5 stars', ""Produit négligeable surtout au prix de l'investissement Ah revoir"": '1 out of 5 stars'}",PKR,,
BROKIG Men's Zip Joggers Casual Gym Workout Track Pants,9237.2,16797.2,4.4,12139.0,22120.0,"65% Cotton, 35% Polyester Joggers pants",Hand Wash Only,Imported,"{'Perfection': '5 out of 5 stars', 'What you see is what you get': '4 out of 5 stars', 'Jogging pants': '5 out of 5 stars', 'Get one size bigger': '1 out of 5 stars', 'Lovely track pants - really snug and comfy': '5 out of 5 stars'}",PKR,7560.0,45.01
"ATHLIO Men's UPF 50+ Long Sleeve Compression Shirts, Water Sports Rash Guard Base Layer, Athletic Workout Shirt",10354.4,,4.6,14383.0,24920.0,100% Polyester,Machine Wash,Imported,"{'Good gear delivered from the US to AUS very fast': '5 out of 5 stars', 'حلوة': '5 out of 5 stars', 'die ärmel-länge ist viel zu kurz!': '1 out of 5 stars', 'Not bad': '3 out of 5 stars'}",PKR,,
COOFANDY Men's 2 Pack Gym Workout Shorts Quick Dry Athletic Shorts 5 Inch Lightweight Sports Running Shorts with Pockets,,,4.4,3435.0,,100% Polyester,Machine Wash,Imported,,,,
BOOJO 5 Pack Athletic Gym Mens Shorts - Workout Black Quick Dry Basketball Shorts with Pockets for Running Casual Activewear,5317.2,9517.2,4.6,7869.0,22120.0,100% Polyester,Machine Wash,Imported,"{'Exactly as described': '5 out of 5 stars', 'Muy Satisfecho': '5 out of 5 stars', 'Recomendado': '5 out of 5 stars', 'Set of shorts': '5 out of 5 stars', 'Buen producto': '5 out of 5 stars'}",PKR,4200.0,44.13
"Evervibe 3 Pack Big and Tall Mens Sweat Shorts 9"" Cotton Blend Plus Size Bermuda Shorts Drawstring Workout Casual SweatShorts",12037.2,,4.5,71.0,26320.0,"85% Polyester, 10% Cotton, 5% Spandex",Knee High,Utility Pocket,"{'No complaints': '5 out of 5 stars', 'Love these': '5 out of 5 stars', 'comfy shorts': '5 out of 5 stars', 'wished it was cheper': '4 out of 5 stars', 'Shorts': '5 out of 5 stars', 'very nice ty': '5 out of 5 stars', 'Comfortable and Roomy Shorts That Will Keep Me Cool All Summer!': '5 out of 5 stars', 'Not bad': '3 out of 5 stars'}",PKR,,
HovSiyla 1/5 Pack Workout Shirts for Men Athletic Running Gym Quick Dry Short Sleeve Performance Moisture Wicking T Shirt,6577.2,,4.6,3541.0,10920.0,100% Polyester,"Machine wash cold, tumble dry low, iron on synthetic/polyester setting if needed",Imported,,PKR,,
FireSwan Women's Flare Yoga Pants V Waist Flared Leggings High Waisted Bootcut Workout Pants Tummy Control,,,4.5,1477.0,,"80% Polyester, 20% Spandex",Machine Wash,Imported,,,,
HOTSUIT Sauna Shirt for Men Anti-Rip Men's Heat Trapping Pullover Vest Hoodies Tank Top for Boxing Exercise,8117.2,10077.2,4.5,357.0,20160.0,Polyester,Machine Wash,Imported,"{'Débardeur au top': '5 out of 5 stars', 'Dies what it says on the tin': '5 out of 5 stars', 'Really good': '5 out of 5 stars', 'Great': '5 out of 5 stars'}",PKR,1960.0,19.45
Men's Workout Tank Top Men's Sleeveless Muscle Shirts Dry Fit Tank Top,10357.2,,4.7,34.0,20720.0,100% Polyester,Machine Wash,Pull On,"{'Great gift.': '5 out of 5 stars', 'Prices': '5 out of 5 stars', 'Fits well': '4 out of 5 stars', 'The Perfect Balance of Performance and Comfort': '5 out of 5 stars', 'I like it. Feels good. Fits well. Works well': '5 out of 5 stars', 'Lightweight and breathes!': '5 out of 5 stars', 'Mesh pattern material for improved ventilation tank top with added sun protection': '5 out of 5 stars', 'Perfect for the summer': '5 out of 5 stars'}",PKR,,
MAGCOMSEN 3 Pack Men's UPF 50+ Tank Top Quick Dry Summer Workout Muscle Sleeveless Shirts for Swim Beach Bodybuilding,9066.4,,4.3,51.0,21280.0,"88% Polyester, 12% Spandex",Machine Wash,Imported,"{'Great summer work shirt': '5 out of 5 stars', 'Product as described perfectly': '5 out of 5 stars', 'nice feel and fit': '5 out of 5 stars', 'Nice tanks': '4 out of 5 stars', 'Lightweight and cool - but unflattering styling': '3 out of 5 stars', 'Comfortable': '5 out of 5 stars', 'Best Tank tops': '5 out of 5 stars', 'Excellent tank tops for a good price!': '5 out of 5 stars'}",PKR,,
NORTHYARD Men's Athletic Running T-Shirts Quick Dry Workout Shirts Short-Sleeve Sports Gym Tee Tops Performance Activewear,5597.2,,4.5,892.0,20160.0,"90%Polyester, 10% Elastane",Machine Wash,Imported,"{'Very good for casual wear': '5 out of 5 stars', 'Great quality - runs a little big': '5 out of 5 stars', 'My husband loves these shirts': '5 out of 5 stars', 'Competent athletic shirt (I own 5) - runs large & long - but does what I need': '4 out of 5 stars', 'Looks to be a good one.': '5 out of 5 stars', 'Great quality for the price': '5 out of 5 stars', 'Great shirt but collar is very loose': '3 out of 5 stars', 'Not new but Nice': '5 out of 5 stars'}",PKR,,
"Reebok Men's Byron Short Sleeve Crewneck T-Shirt, Standard Fit, Lightweight Poly Fabric",4278.4,,4.8,35.0,9240.0,100% Polyester,Machine Wash,Imported,,PKR,,
ZITY 4 Pack Mens Polo Shirt Short Sleeve Sports Golf Tennis T-Shirt Athletic Collared Tactical Shirts,,,4.5,1185.0,,"95% Polyester, 5% Spandex",Machine Wash,Imported,,,,
adidas Women's Cushioned Sport High Quarter Socks (3 Pairs) Durable & Comfortable,,,4.7,779.0,,"75% Acrylic, 22% Polyester, 3% Spandex",Machine Wash,Imported,,,,
NORTHYARD Men's Sun Protection Shirts UPF 50+ Long Sleeve Swim Rash Guard Shirt Running Workout Athletic Hiking UV Fishing,,,4.6,2228.0,,88% POLYESTER 12% ELASTANE,Machine Wash,Imported,,,,
Men's Fashion Button Down Tshirt Dressy Short Sleeve Shirts Lapel Collar Tops Comfort Colors Shirt Mens Outfits,,,5.0,1.0,,100% Polyester,Machine Wash Or Hand Wash,Made in USA and Imported,,,,
"LZYVOO Biker Spandex Shorts Women, High Waisted Tummy Control Workout Yoga Shorts with Pockets",10077.2,,4.6,647.0,23520.0,"75% Polyester, 25% Spandex",Hand Wash Only,Imported,"{'Great running shorts!': '5 out of 5 stars', ""Best clothing purchase I've ever made."": '5 out of 5 stars', 'Comfortable Work Out Shorts': '5 out of 5 stars', 'Awesome': '5 out of 5 stars', 'Comfy shorts': '4 out of 5 stars', 'May need to size up for thicker waisted girls!': '5 out of 5 stars', 'Great product for those daily workouts': '5 out of 5 stars', 'Perfect! Great value': '5 out of 5 stars'}",PKR,,
"CHRLEISURE Workout Shorts Sets for Women, High Waisted Butt Lifting Scrunch Butt Sports Seamless Gym Shorts",8397.2,,4.5,946.0,22120.0,"64%Nylon, 28%Polyester, 8%Spandex",Imported,High Rise,"{'I got a size small': '5 out of 5 stars', 'Buena calidad, buen ajuste.': '5 out of 5 stars', 'Short': '5 out of 5 stars', 'Excelente': '5 out of 5 stars', '😀': '4 out of 5 stars'}",PKR,,
THE GYM PEOPLE Women's Casual Oversized T-Shirts Summer Crewneck Short Sleeve Workout Basic Tee Tops,,,4.4,2217.0,,"47.5% Cotton, 47.5% Rayon, 5% Spandex",Machine Wash,Imported,,,,
EZRUN Men's Quick Dry Tank Top UPF 50+ Summer Workout Muscle Sleeveless Shirts for Swim Beach Gym Bodybuilding,4197.2,,4.3,65.0,18760.0,"90% Polyester, 10% Spandex",Imported,Cowl Neck,"{'Nice!': '5 out of 5 stars', 'Tried and Tested': '5 out of 5 stars', 'Excellent material': '5 out of 5 stars', 'Perfect fit': '5 out of 5 stars', ""4x I don't think so"": '1 out of 5 stars', 'Large arm holes': '4 out of 5 stars', 'Good quality nice price': '5 out of 5 stars', 'Great running tank': '5 out of 5 stars'}",PKR,,
BOOJO 5 Pack Tank Tops Men - Quick Dry Moisture Wicking Summer Workout Muscle Sleeveless Shirts for Gym Beach Running,4757.2,10077.2,4.5,204.0,20720.0,100% Polyester,Machine Wash,Imported,"{'My new favorite everyday tank tops!': '5 out of 5 stars', 'Affordable , will recommend': '5 out of 5 stars', 'Soft, comfortable, fit nicely': '5 out of 5 stars', 'Nice shirts': '4 out of 5 stars', 'Tank tops': '5 out of 5 stars', 'Good for workout': '5 out of 5 stars', 'Great fit': '5 out of 5 stars', 'They are not size 3XL; instead, they look like 1XL.': '2 out of 5 stars'}",PKR,5320.0,52.79
"ATHLIO Men's UPF 50+ Long Sleeve Compression Shirts, Water Sports Rash Guard Base Layer, Athletic Workout Shirt",10354.4,,4.6,14383.0,22680.0,"87% Polyester, 13% Elastane",Machine Wash with low temperature or Hand Wash Recommended,Imported,"{'Good gear delivered from the US to AUS very fast': '5 out of 5 stars', 'حلوة': '5 out of 5 stars', 'die ärmel-länge ist viel zu kurz!': '1 out of 5 stars', 'Not bad': '3 out of 5 stars'}",PKR,,
Mens Sweatpants with Zipper Pockets Joggers for Men Workout Athletic Gym Track Fitness Clothing Gifts,4197.2,8397.2,4.5,538.0,19320.0,"84% polyester,16% spandex",Machine Wash,Imported,"{'Excelente calidad': '5 out of 5 stars', 'Llego otro color y modelo': '1 out of 5 stars'}",PKR,4200.0,50.02
Gymreapers Moisture Wicking Short Sleeve T-Shirt for Men - Crew Neck Workout Shirts - Casual Gym Cotton Everyday Tee,8397.2,,4.4,215.0,21000.0,"60% Cotton, 40% Polyester",Machine Wash,Imported,"{'good': '5 out of 5 stars', 'Great shirt': '5 out of 5 stars', 'Excelente Producto': '5 out of 5 stars', 'No lo vale': '1 out of 5 stars', 'Love the quality and colour': '5 out of 5 stars'}",PKR,,
5 or 4 Pack Compression Shirts for Men Long Sleeve Athletic Base Layer Undershirt Gear T Shirt for Workout,7557.2,,4.6,3905.0,23240.0,"85% Polyester, 15% Spandex",Machine Wash,Imported,{'Fitting and price': '5 out of 5 stars'},PKR,,
Men's Ribbed Workout Tank Tops Fitness Muscle Gym Tanks Sleeveless Bodybuilding Shirts,4194.4,5314.4,4.0,80.0,8960.0,57%Cotton 38%Polyester 5%Elastane,Machine Wash,Imported,,PKR,1120.0,21.07
HOTSUIT Sauna Shirt for Men Anti-Rip Men's Heat Trapping Pullover Vest Hoodies Tank Top for Boxing Exercise,7837.2,10077.2,4.5,357.0,18480.0,Polyester,Machine Wash,Imported,"{'Débardeur au top': '5 out of 5 stars', 'Dies what it says on the tin': '5 out of 5 stars', 'Really good': '5 out of 5 stars', 'Great': '5 out of 5 stars'}",PKR,2240.0,22.23
"3 Pack Men's Workout Sweatpants with Pockets,Athletic Gym Tapered Joggers Pants for Men Running Pants",9797.2,,4.4,137.0,28280.0,"82% Polyester, 18% Spandex",Machine Wash,Imported,"{'Soft and comfortable.': '5 out of 5 stars', 'Very comfortable!': '5 out of 5 stars', 'Comfortable to wear': '4 out of 5 stars', 'Greats pants': '5 out of 5 stars', 'DO NOT DRY IN THE DRYER': '3 out of 5 stars', 'Very soft and comfortable': '5 out of 5 stars', 'Great product': '5 out of 5 stars', 'Love it': '5 out of 5 stars'}",PKR,,
Ksmien Men's Running Shorts 7 Inch with Zipper Pockets Quick Dry Lightweight Athletic Shorts for Workout Gym Basketball,6717.2,,4.5,292.0,20160.0,"90% Polyester, 10% Spandex",Machine Wash,Imported,"{'Great workout shorts': '5 out of 5 stars', 'Will buy again': '5 out of 5 stars', ""Where's the stretch?"": '4 out of 5 stars', 'Fantastic quality, at an amazing price.': '5 out of 5 stars', 'A favorite!': '5 out of 5 stars', 'Bought for husband': '5 out of 5 stars', ""It was nice, but wasn't as stretchy as I had hoped."": '3 out of 5 stars', 'My husband loves these shorts': '5 out of 5 stars'}",PKR,,
"PURE CHAMP Athletic Shorts for Men 3 Pack Casual Shorts 8"" Basketball Gym Shorts with Zipper Pockets Size Small- 3XL",9797.2,,4.1,3262.0,25200.0,"50% Ryon,45%Polyester,5%Spandex",Machine Wash,Imported,"{'Comfortable': '4 out of 5 stars', 'Bonitos pero malos -': '2 out of 5 stars'}",PKR,,
QINSEN Square Neck Swim Dress for Women Tummy Control One Piece Swimsuit Wrap Bathing Suit,9041.2,10637.2,4.1,392.0,,"82% Polyester, 18% Spandex",Machine Wash,Drawstring,,PKR,1596.0,15.0
WIHOLL 2 Piece Sets for Women Casual Summer Travel Vacation Outfits Short Sleeve Wide Leg Crop Pants Lounge Sets,,,4.2,1657.0,,"49%Polyester,44%Rayon,7%Spandex",Machine Wash,Imported,,,,
Runhit Womens Compression Shirts Short Sleeve Workout Tops UPF 50+ Athletic Quick Dry T-Shirt for Gym Running Yoga Base Layer,4197.2,,4.7,148.0,8680.0,"87% Polyester, 13% Spandex",Machine Wash,Imported,,PKR,,
"PARISDIARY 3 Pack Men's Sweatpants with Zipper Pockets,Workout Gym Traning Track Joggers Pants for Men Running Jogging Pants",11197.2,12877.2,4.5,506.0,28000.0,"87% Polyester, 13% Spandex",Machine Wash,Imported,"{'Comfortable, soft, stretchy, thick, quality pants. Will buy more': '5 out of 5 stars', 'Good quality': '5 out of 5 stars', 'Sweat pants': '4 out of 5 stars', 'Sweats': '5 out of 5 stars', 'Awesome Product!!!': '5 out of 5 stars', 'great product': '5 out of 5 stars', 'Comfortable but sizing is off. Decent value joggers': '3 out of 5 stars', 'Great Value Great Look': '5 out of 5 stars'}",PKR,1680.0,13.05
Ultra Performance Mens Gym Workout Shorts 5 Pk Men’s Athletic Running Basketball Shorts for Men with Zipper Pockets 7”Inseam,6647.2,,4.1,35.0,22680.0,100% Poly,Imported,No Show,"{'The perfect shorts.': '5 out of 5 stars', 'Great Deal!': '5 out of 5 stars', 'Cheap': '1 out of 5 stars', 'Great shorts!': '5 out of 5 stars', 'Not bad not good': '3 out of 5 stars', 'Great price and quality': '5 out of 5 stars', 'Comfortable': '5 out of 5 stars', 'Shorts': '5 out of 5 stars'}",PKR,,
"ATHLIO Men's UPF 50+ Long Sleeve Compression Shirts, Water Sports Rash Guard Base Layer, Athletic Workout Shirt",10354.4,,4.6,14383.0,23240.0,"87% Polyester, 13% Elastane",Machine Wash with low temperature or Hand Wash Recommended,Imported,"{'Good gear delivered from the US to AUS very fast': '5 out of 5 stars', 'حلوة': '5 out of 5 stars', 'die ärmel-länge ist viel zu kurz!': '1 out of 5 stars', 'Not bad': '3 out of 5 stars'}",PKR,,
Sauna Shirt for Men – Compression Heat Trapping Workout Shirt – Sweat Enhancing Gym T-Shirt for Weight Loss,7028.0,7924.0,3.6,19.0,17920.0,Heat trapping,Hand Wash Only,Imported,"{""I'm Getting 2 More..."": '5 out of 5 stars', 'Sizing is incorrect.': '1 out of 5 stars', 'Perfect fit': '5 out of 5 stars', 'Sweat enhancer': '3 out of 5 stars', 'Workout Shirt Review': '1 out of 5 stars', 'Difficult to put no and off': '4 out of 5 stars', 'Get your sweat on!': '4 out of 5 stars', 'LOL': '3 out of 5 stars'}",PKR,896.0,11.31
Kewlioo Women's Heat Trapping Sauna Shirt - Sweat Vest Compression Shapewear - Sauna Suit Top - Sweat More & Look Great,7417.2,,4.0,807.0,20160.0,Hand Wash Only,Imported,"MORE COVERAGE, MORE RESULTS - Made to trap body heat, this t-shirt is expertly designed to increase sweating by up to 5 times versus regular gym t-shirts! Along with the increased perspiration you’ll experience during workouts, other sauna-like benefits include increased calorie burning, endorphin release, boosted metabolism and detoxification.","{'Practico': '5 out of 5 stars', 'Grandeur médium': '5 out of 5 stars', 'Sauna top': '5 out of 5 stars', 'Too small': '1 out of 5 stars', 'Go two sizes up': '4 out of 5 stars'}",PKR,,
"Evervibe 3 Pack Big and Tall Mens Sweat Shorts 9"" Cotton Blend Plus Size Bermuda Shorts Drawstring Workout Casual SweatShorts",10917.2,,4.5,71.0,26040.0,"85% Polyester, 10% Cotton, 5% Spandex",Knee High,Utility Pocket,"{'No complaints': '5 out of 5 stars', 'Love these': '5 out of 5 stars', 'comfy shorts': '5 out of 5 stars', 'wished it was cheper': '4 out of 5 stars', 'Shorts': '5 out of 5 stars', 'very nice ty': '5 out of 5 stars', 'Comfortable and Roomy Shorts That Will Keep Me Cool All Summer!': '5 out of 5 stars', 'Not bad': '3 out of 5 stars'}",PKR,,
NORTHYARD Men's Athletic Running Pants Lightweight Workout Joggers Quick Dry Gym Sweatpants Active Sports Track Training,8117.2,,4.5,2537.0,21280.0,"90% Polyester, 10% Elastane",Imported,Mid Rise,"{'Perfekt.': '5 out of 5 stars', 'trägt sich gut': '5 out of 5 stars', 'Gute Qualität, aber Farbe entweicht den Abbildungen': '4 out of 5 stars', 'Hosen sind angenehm zu tragen': '5 out of 5 stars', 'Schöne leichte Hose': '5 out of 5 stars'}",PKR,,
CANGHPGIN Mens Workout Athletic Shorts 7 inch / 5 inch Quick Dry Running Shorts Men Lightweight Sports Gym Shorts with Pocket,5597.2,,4.5,444.0,19040.0,"90% Nylon, 10% Spandex","Machine Wash, Hand Wash Only",Imported,"{'Finally, versatile and comfortable shorts that are well built!': '5 out of 5 stars', 'Great shorts These are the ones to buy': '5 out of 5 stars', 'Perfect Shorts for summer activities': '5 out of 5 stars', 'decent pants, good for running on a hot day': '4 out of 5 stars', 'Love them': '5 out of 5 stars', 'Ok': '3 out of 5 stars', 'Great comfort': '5 out of 5 stars', 'Muy buen producto': '5 out of 5 stars'}",PKR,,
